material_id,formula,band_gap,density,energy_per_atom,formation_energy_per_atom,volume
mp-1183115,AcAlO3,4.1024,8.728230081866649,-8.232146192000002,-3.690019421500002,57.4514132376898
mp-1183052,AcBO3,0.8071,9.206878605801688,-7.604279514,-2.475389555333333,51.54812640786059
mp-866101,AcCrO3,2.0031,8.848788046728616,-8.862593228,-3.1389721295,61.36284504026082
mp-861502,AcFeO3,0.9887999999999992,8.889999465919495,-8.258555312000002,-2.771539465500001,61.79731063258672
mp-1183053,AcGaO3,2.895900000000001,9.31449500321555,-7.461883426,-3.063252617,61.455078293307366
mp-1183152,AcScO3,3.3847,7.569207408829243,-8.888565856,-3.8290604304999993,70.19180130743561
mp-568386,Ag10Te4Br3,0.9637,6.979004698072393,-3.065140897941176,-0.364350311960783,1740.52548358504
mp-568392,Ag10Te4Br3,0.8722000000000001,7.194733997305497,-3.067222241470587,-0.366431655490194,1688.3369880809976
mp-1105645,Ag3SBr,0.2964,5.967646430204268,-3.1663475685,-0.305716111999998,484.8055176451492
mp-1229116,Ag3SBr,0.3987,6.124830461748297,-3.200961334,-0.340329877499998,118.09093879361744
mp-36600,Ag3SBr,0.397699999999999,6.186513420416596,-3.196363588999999,-0.335732132499998,233.82701370779407
mp-1173025,Ag3SI,0.3398,6.4817422363222,-3.078653433,-0.240608760499998,247.258550725043
mp-22995,Ag3SI,0.5478000000000001,6.576090262229425,-3.098510538,-0.260465865499998,121.85555000145258
mp-558189,Ag3SI,0.6242999999999991,6.373934116559119,-3.04893323,-0.210888557499998,125.72032925181092
mp-632480,Ag3SI,0.167599999999999,6.49674279385352,-3.091646502,-0.253601829499998,123.3438233881282
mp-673825,Ag3SI,0.256999999999999,6.567474042525697,-3.080563733,-0.242519060499998,244.0308376019067
mp-674981,Ag3SI,0.262399999999999,6.475076465078784,-3.08810371,-0.250059037499998,123.7565455921474
mp-675879,Ag3SI,0.3216,6.4800331785069645,-3.089818992,-0.251774319499998,247.32376322424776
mp-676121,Ag3SI,0.373899999999999,5.912215314641317,-3.091394415,-0.253349742499998,271.07710159969986
mp-676561,Ag3SI,0.333,6.417371315030583,-3.08771653,-0.249671857499998,124.86936728848828
mp-1195808,Ag4Sn3S8,0.2293,5.344248886654139,-15.260513379833336,-0.331556197333336,1297.6990679139262
mp-1229161,Ag6P6O19,0.4276,4.348269776338285,-6.44588817,-1.814864740414746,434.2186789517419
mp-1178563,AgAsO3,0.2921,6.425733028349928,-5.741099904,-1.269711258833334,119.28055162319482
mp-558950,AgAsO3,0.5930000000000001,5.320519664379105,-5.71533458975,-1.243945944583333,1728.699514830734
mp-775767,AgAsO3,0.7378,5.030528133497361,-5.7038320395,-1.232443394333333,304.7254522248717
mp-776165,AgAuO3,0.2423,8.569172736555055,-4.548984380999999,-0.356843842333332,273.488677155319
mp-1178562,AgBrO3,2.383,5.067049942399514,-4.149789241999999,-0.285035796333332,77.26506831359747
mp-1178561,AgClO3,2.7117,4.134260284941861,-4.259784518,-0.352711819333332,76.84405818753127
mp-27941,AgClO3,2.3983,4.138469148530601,-4.314317366,-0.407244667333333,307.0636281159876
mp-775761,AgClO3,3.1001,4.366022674178715,-4.321017940000001,-0.413945241333333,291.05972332883755
mp-776199,AgClO3,3.113099999999999,4.111923887247284,-4.3039971470000005,-0.396924448333332,309.0459323760985
mp-1202188,AgIO3,1.806899999999999,6.370565024964008,-4.544292077,-0.7021254153333331,589.6520320460871
mp-27384,AgIO3,2.4375,5.999922075919814,-4.555235327,-0.713068665333332,626.0775664617084
mp-849271,AgIO3,1.9765,5.657596324183561,-4.5277654535,-0.685598791833332,331.9799078095097
mp-552185,AgNO3,1.853899999999999,4.509524594558627,-5.885683233000001,-0.6806635453333341,125.10450403344892
mp-638686,AgNO3,2.008899999999999,4.532948436087429,-5.8833038505,-0.678284162833332,497.832124749116
mp-669466,AgNO3,2.0027,4.20228013166999,-5.880653645000001,-0.6756339573333331,537.0054543267189
mp-8196,AgNO3,1.7204000000000002,4.21374420425511,-5.85451189,-0.649492202333333,66.94305711049056
mp-18702,AgPO3,2.0232,4.7408418269331225,-6.578507001500007,-1.958048157761911,523.544804128728
mp-775762,AgPO3,2.287,4.6879325281271225,-6.533062172999999,-1.912603329261903,264.7268375552521
mp-5470,AgPS3,1.3228,3.508777848132174,-11.124514234,-0.232501206282736,222.4638175390565
mp-540872,AgSbO3,0.094599999999999,6.786835394315514,-5.807639057,-1.444474670333332,271.7080679491053
mp-545999,AgSbO3,0.133299999999999,6.698918634552929,-5.790875897000001,-1.427711510333333,137.6369853909369
mp-860791,AgSbO3,0.287499999999999,6.420372777966916,-5.747215704666668,-1.384051318,430.8249683273084
mp-569052,AgSe3I,1.396399999999999,4.944996330259913,-3.141949276999999,-0.171012331739582,633.5274140517166
mp-570431,AgTe3I,1.0025,5.494464735067228,-2.9275422630000003,-0.168168668333332,746.5721189941695
mp-558637,AgTeO3,1.6662,6.550947813132411,-5.29197623475,-1.125950917416666,574.8261713517004
mp-559257,AgTeO3,1.5732,6.2757131490630265,-5.3124505845,-1.146425267166666,600.0363880095312
mp-561489,AgTeO3,1.1676,6.867123404093996,-5.292326426000001,-1.126301108666666,274.18003351321124
mp-1247901,Al3(MoSe2)4,0.0607,0.456888569777772,-14.05712518933334,1.874654450499993,7969.512073548493
mp-1228446,Al3BC,0.453,2.863195325500272,-7.700258493,-0.202281617499998,120.36064717516008
mp-1246158,Al6W5N16,2.2371,5.799518546892043,-17.267381344189815,-0.8491749508564811,373.70854955195966
mp-13875,Al8(Pb3O7)3,2.8336,6.567308998631525,-6.92339052625,-2.521137595328947,2444.182021705053
mp-1253488,AlAgO3,0.0622,4.898784496633195,-6.0475763135,-1.761097008833333,247.91957719409973
mp-1343327,AlAgO3,0.048099999999999,5.299274482147776,-5.907362490666667,-1.620883186,343.77477103566014
mp-1343733,AlAgO3,0.032,5.109883300879145,-6.0240798,-1.7376004953333322,237.67755732530316
mp-8110,AlBO3,5.8392,3.497216426150522,-8.17212798,-3.118357856833333,81.46986382228383
mp-1344602,AlBiO3,0.948,6.8874939972276366,-6.8149549075,-2.3190562765,273.8452642962739
mp-1376082,AlBiO3,0.7618,6.903328622755919,-6.532072210333334,-2.036173579333335,409.82569070936927
mp-1392353,AlBiO3,0.641099999999999,6.373232458531103,-6.184146843,-1.688248212,147.97103559945393
mp-23080,AlBiO3,1.585999999999999,8.680681447425108,-6.928135245999999,-2.432236615,54.31911150734789
mp-551918,AlBiO3,2.977899999999999,8.296037245622959,-6.9964094160000005,-2.500510785000001,113.6752137295987
mp-775763,AlBiO3,3.0001,6.639249618811864,-6.971450301500001,-2.475551670500001,284.0844556688522
mp-1202918,AlBr3N,0.344199999999999,2.500910437271448,-3.314313994625,0.084624641374999,2982.0417732849783
mp-1178576,AlCoO3,2.5603,5.052577293436306,-7.454490492,-2.309915378999999,88.02147690236615
mp-1404938,AlCoO3,0.0255,4.769837473558319,-2.411246398,2.733328715,93.23909210681114
mp-754022,AlCoO3,0.8939,4.761424852352278,-7.369777194999999,-2.225202081999999,93.40382959355364
mp-756947,AlCoO3,0.827199999999999,4.453275664965529,-7.384206743499999,-2.239631630499999,199.73401558336545
mp-776216,AlCoO3,0.3481,4.769838379175771,-7.381012708999999,-2.236437595999999,93.2390744041256
mp-1251690,AlCrO3,1.1578,4.12787933393825,-8.192928276,-2.544427012999999,306.4745698006157
mp-1345463,AlCrO3,1.802899999999999,4.415202888009722,-8.3687851905,-2.7202839275,191.0202958801217
mp-1178579,AlCuO3,0.1349,4.8983073774801245,-6.567560944999999,-2.029827841999999,93.92117845950877
mp-776172,AlCuO3,0.35,4.636977017852498,-6.593635974,-2.055902871,198.42876062512912
mp-1178577,AlFeO3,2.1792,4.499455863270265,-7.946164339000001,-2.534268328,193.12520973604157
mp-1254277,AlFeO3,1.3295,4.8435948356114125,-7.6984840205,-2.286588009499999,179.40360141259467
mp-1259818,AlFeO3,1.360799999999999,4.390702550514783,-7.768090902999999,-2.356194891999999,197.9087281123728
mp-1264966,AlFeO3,0.6687000000000001,4.398481964523095,-7.7426695995,-2.3307735885,197.55869509092068
mp-21216,AlFeO3,1.9962,4.238396948650082,-7.9347613565,-2.5228653455,410.0410451498143
mp-776154,AlFeO3,2.1089,4.748823793892831,-7.898401108,-2.486505096999999,182.98391243946455
mp-756686,AlGaO3,3.0761,5.268750946247227,-7.063751335000001,-2.740240361500001,182.42240177281883
mp-772187,AlGaO3,3.4263999999999992,4.871107205336525,-7.14254157675,-2.81903060325,394.62822780999744
mp-772898,AlGaO3,3.5313,4.815930171239055,-7.143614212,-2.8201032385,399.1495589770759
mp-754157,AlInO3,2.162,5.613715616053324,-6.945375648,-2.675649130333332,112.28447654040944
mp-504482,AlInS3,2.081299999999999,3.323848829280726,-11.685050144666668,-1.002490066354166,713.3884528706352
mp-862787,AlInSe3,1.6333000000000002,4.62623389035123,-15.312994939,-0.8639210584375001,815.5387502722511
mp-1246835,AlMoN3,1.4508,3.683221138552952,-8.572850048,-0.651638212999999,297.44837391102067
mp-1248370,AlMoO3,0.734799999999999,5.307479901573396,-8.046364926,-2.159343135000001,320.8516001512004
mp-1373731,AlMoO3,1.4177,5.101153769802972,-8.3337379745,-2.4467161835,222.55271337121223
mp-1178547,AlRhO3,1.7659,5.973716649319428,-7.413761879000001,-2.223008536,98.89501139978404
mp-1079481,AlSBr3,0.147899999999999,2.611498380017442,-3.411953277,-0.8531906474999991,379.9353111774173
mp-1183134,AlSbO3,1.1346,6.175506915545649,-6.813236745999999,-2.269544728999999,52.90157170346336
mp-1261047,AlSbO3,3.9107,4.02379034214076,-7.070983868499999,-2.527291851499999,324.7624693329945
mp-1374707,AlSbO3,1.2462,5.355637929534241,-6.726732407,-2.18304039,366.0001212140007
mp-5168,AlSiP3,0.288599999999999,2.738096782020926,-8.87552841225,-0.373110040035714,358.9944606963184
mp-31220,AlSiTe3,1.2504,4.76974110495312,-18.683889487,-0.332382315999998,304.8783183710749
mp-768539,AlTlO3,1.208199999999999,8.659458159188336,-6.3803607985,-2.188174606166668,214.2828019174193
mp-1178549,AlVO3,1.569,4.493987813890738,-8.495406463,-2.96073348,186.1127752626733
mp-1248251,AlVO3,1.679199999999999,4.18024054354719,-8.363604847500001,-2.828931864500001,200.08143917242444
mp-765647,AlVO3,1.1677,3.883271181455361,-8.4264897375,-2.8918167545,430.7649427287126
mp-1246403,AlWN3,1.5971000000000002,4.977853285650076,-17.727155352125,-0.629926407374998,337.3770936711151
mp-1046804,AlWO3,0.8598999999999991,6.841939836467954,-8.653441592,-2.343923776999999,251.2622428287048
mp-1251647,AlWO3,0.5902000000000001,7.905803552138625,-8.391159648666667,-2.081641833666666,326.1757904694498
mp-646283,As9Pb7S20,0.143,5.030353998106217,-4.721004489444444,-0.5330159746527761,1826.130630538516
mp-755240,AsAuO3,0.357699999999999,6.173253171712357,-5.632816046,-1.0752385365,344.1840454762892
mp-27274,AsCF3,3.3193,2.56775635979426,-8.097549931249999,-1.290979925749998,744.6103725149252
mp-29863,AsCl3O,2.5284,2.606670690721858,-4.188813654999999,-1.156071267499999,502.696636325978
mp-642462,B3C10N3,0.172099999999999,2.09167940221883,-9.248070635000005,0.058033521640622,308.91411610105126
mp-1246423,BMoN3,1.0201,3.192599605992423,-8.935687886,-0.427712862833333,309.5160734435566
mp-1183211,BSbO3,1.4054,6.870745471143401,-6.391039034,-1.260583828833333,43.6404189449344
mp-753806,BSbO3,3.762,3.85086307904932,-7.357337273000001,-2.226882067833333,155.7272770647208
mp-755829,BSbO3,3.7211,3.828465813252713,-7.358162672500001,-2.227707467333334,313.2766235360048
mp-766994,Ba10V10O29,0.7658,5.6514464643249305,-8.00767842387755,-2.8338074188775497,1379.0215481019973
mp-620609,Ba15(ZrSe3)14,0.2641,5.210847801987258,-6.100547098380281,-1.94166378878081,4240.448496875847
mp-567666,Ba3BiN,0.6466000000000001,6.014236453089481,-4.445894737999998,-0.8488473629999981,350.63115470065736
mp-8974,Ba3Dy4O9,3.2313,7.314387368794287,-7.858582154375,-3.560952405729166,273.78500702738705
mp-14853,Ba3Er4O9,3.2746,7.655472587205713,-7.885857091249999,-3.6008915221874997,265.71574722085944
mp-771132,Ba3Ga4O9,3.0829,5.107087451068926,-6.584787448125001,-2.684727575937501,542.9044552383452
mp-17833,Ba3GeO,0.153,5.247937579606735,-4.505382821999999,-1.439800085999998,633.6201367693964
mp-14323,Ba3Ho4O9,3.2565,7.478698938124983,-7.871350031875,-3.5788942990624992,269.92825611587625
mp-542832,Ba3Lu4O9,3.1681,8.179870873053057,-7.92205808125,-3.648600351354167,254.9401319047029
mp-1013562,Ba3SbAs,0.148699999999999,4.204541193613696,-3.765989691999999,-0.8547799735,240.3848551212912
mp-12814,Ba3SbN,0.455499999999999,5.356336708477919,-4.570453706999999,-0.925612945999998,339.61884922233
mp-1013737,Ba3SbP,0.299199999999999,4.104661299636232,-3.942252384,-0.8819724669285711,228.4551282878871
mp-755363,Ba3SiO,0.421699999999999,4.805034837985734,-4.5428334790000005,-1.316792708000001,630.4347580643596
mp-14322,Ba3Tm4O9,3.2767,7.608721140095898,-7.889116290625,-3.625455054062501,268.81082744102645
mp-2017426,Ba3Tm4O9,3.7874,7.803171481393969,-20.65313662125,-3.544652072734376,262.1122232561564
mp-15751,Ba3Y4O9,3.3201,5.51726791758945,-8.29774252375,-3.527433782187499,274.36509794051545
mp-703429,Ba3Y4O9,3.373,5.375042544212026,-8.286793610625,-3.5164848690625,281.6248876399184
mp-757840,Ba4(PtO3)3,1.5148,8.213101218891854,-6.476503855624995,-2.075194557812495,775.501167767512
mp-860960,Ba4(PtO3)3,1.444999999999999,8.205305527471216,-6.474368806874994,-2.073059509062494,776.2379554203325
mp-2755143,Ba4Hf3O10,3.531699999999999,7.877406833363402,-21.300726262058824,-3.584377731323533,524.7900936778899
mp-779519,Ba4Hf3O10,3.604,7.685256478894409,-8.799011950882354,-3.679772133235295,537.9111395140243
mp-1189858,Ba4Hf3S10,0.5937,5.214155236231067,-6.788806918823529,-2.146369037941175,447.5831642059846
mp-28238,Ba4Sb4Se11,1.138399999999999,5.255461820061556,-4.603634119868421,-1.306427226488487,2407.53278062389
mp-2755271,Ba4Sn3O10,1.404399999999999,6.841540910646369,-16.610019052058824,-2.494593746617648,517.1909316664813
mp-768510,Ba4Sn3O10,1.284999999999999,6.6186017638734125,-6.708767882352941,-2.6391075661764702,534.6118476148912
mp-772086,Ba4Sn3O10,2.9981,6.098650099745487,-6.665321123529412,-2.595660807352941,580.1911668549748
mp-1178581,Ba4Ti3O10,1.865299999999999,5.799798602139956,-8.184625659705882,-3.429214726764705,488.3889419876664
mp-771189,Ba4Ti3O10,2.2132,5.746354568427771,-8.186968272352942,-3.431557339411766,246.46560435059263
mp-14883,Ba4Zr3S10,0.4167,4.147297268438284,-6.501825115882353,-2.108120482058823,457.8987638980762
mp-771208,Ba5(Ga3O7)2,3.0654,5.236947344007986,-6.5292369292,-2.647840733,842.7801509035287
mp-3974,Ba5B4O11,3.7594,4.720123283477983,-7.687800445125,-3.150799803208333,3824.230222511436
mp-1190531,Ba5Cr5O14,0.6715999999999991,5.38864843790097,-7.920885381666667,-2.6237367933333333,360.728454192219
mp-618964,Ba5Fe4S11,0.023099999999999,4.087544633182984,-5.91834540675,-1.469028687874999,1025.9520977682992
mp-557032,Ba5Hf4S13,0.5503,5.267205817324192,-6.827002164545454,-2.135647569886362,572.9660518059367
mp-759718,Ba5Mn5O14,1.0239,5.911828500566235,-7.686957222499999,-2.492107004568965,665.8734751937594
mp-770836,Ba5Sc6O14,3.8879,4.112685227350382,-8.1725291144,-3.498083378399999,953.166714658435
mp-1183410,Ba5V5O14,1.324899999999999,5.310745127113748,-8.038175460833333,-2.8595979975,728.7424842934679
mp-863944,Ba5V5O14,0.7341999999999991,5.562582487172431,-7.987817192916666,-2.809239729583333,695.7497900133759
mp-554688,Ba6Hf5S16,0.5949,5.299566454236695,-6.850677981851851,-2.128523974814813,698.5650949144898
mp-30895,Ba6Mn5O16,1.3114,5.901392516745032,-7.578343327407354,-2.523109913320509,762.3410893992767
mp-1204773,Ba6Sn7S20,1.3643,4.015307072948397,-5.054459762727273,-1.3475262210606052,1899.2235825078344
mp-685632,Ba7U7O24,0.3416,7.410208532535702,-9.170236525789472,-3.611716558157893,674.8359556812651
mp-30201,Ba8(CoO3)7,0.158499999999999,5.927118709307827,-6.78936123375,-2.089558520833334,1034.985546781725
mp-1178548,Ba8Co7O19,0.1603,5.483709624218895,-6.680856429852941,-1.995651263529412,1099.2944733252862
mp-704890,Ba8Co7O19,0.5323,5.603844030571512,-6.752378726617647,-2.067173560294118,1075.727955727869
mp-1178536,Ba8In6O17,0.841399999999999,5.93974805365801,-6.146450216451614,-2.403799278870968,575.7656877374894
mp-758269,Ba8In6O17,0.720699999999999,5.9638890404377936,-6.149153548064516,-2.40650261048387,573.4350689480252
mp-694888,Ba8Mn8O21,0.8045,5.836073603936207,-7.697052202702703,-2.492860230768872,533.2402162301847
mp-760130,Ba8Mn8O23,1.0391,5.848788672917307,-7.675298998205128,-2.484247075857648,541.1658011578985
mp-561455,Ba8Sb6S17,1.687999999999999,4.231851222898561,-5.091333434193548,-1.528057044758063,3726.5831409693865
mp-1182285,BaBiO3,1.1031,6.304104323338448,-5.720806651,-1.590228198,207.7249421635248
mp-644369,BaBiO3,0.101099999999999,6.742529468841822,-5.417050556,-1.286472103,194.21786912608695
mp-27365,BaBiSe3,0.9943999999999992,6.177229599398782,-4.576548426749997,-1.3171996901562482,1254.1615237266026
mp-1227982,BaCO3,4.1409,3.684833205286649,-7.83249692,-2.6337288,88.92776224512441
mp-2506699,BaCO3,4.4436,4.135037253633823,-7.866087236999999,-2.667319116999999,158.4914239428948
mp-2626703,BaCO3,4.1813,3.9253764760918113,-7.837690544999999,-2.638922424999999,166.95671010843782
mp-34195,BaCO3,4.354299999999999,4.330839315732281,-7.846187791,-2.647419671,151.32585039685978
mp-4559,BaCO3,4.3635,4.364283352094535,-7.859702646,-2.6609345259999992,75.0831109614839
mp-545643,BaCO3,3.976,4.3753702711277125,-7.777050586,-2.578282466,149.78570995693735
mp-5504,BaCO3,4.397399999999999,4.244725770425252,-7.881547381000002,-2.682779261000001,308.7916524320886
mp-674478,BaCO3,4.159499999999999,3.698107340432591,-7.83164051,-2.63287239,177.2171227211266
mp-675324,BaCO3,4.0966,3.784660713229556,-7.805723578999999,-2.606955458999999,173.1642522391652
mp-676020,BaCO3,4.0287,3.9140669807909134,-7.847781473,-2.649013353000001,167.4391229382875
mp-762225,BaCO3,4.474,3.973227229139603,-7.868310547,-2.669542427,164.9460009684019
mp-3187,BaCeO3,2.2207,6.272009404625958,-8.129798318000002,-3.589836753000001,344.64733173556965
mp-3316,BaCeO3,2.2112,6.274068485527652,-8.129155707,-3.589194142000001,172.26711111864293
mp-4900,BaCeO3,2.2279,6.267612673875872,-8.127277154000002,-3.587315589,172.44455093202092
mp-5663,BaCeO3,2.299,6.033613517741434,-8.089464422,-3.549502857,89.56619857936725
mp-1182337,BaClO3,0.1727,3.599171629734427,-4.900270702,-1.177990551,203.71955764759088
mp-1283250,BaCoO3,1.1424,5.891197337198422,-6.8260577520000005,-2.046802816999999,275.39434449527283
mp-13863,BaGeO3,3.5519,4.956252732217032,-6.9731783735000015,-2.696001211500001,345.7138411355125
mp-2901869,BaGeO3,2.2342,4.42562197888616,-6.646945163666667,-2.369768001666667,580.7472411339012
mp-676865,BaGeO3,1.4284,4.525060472578735,-6.521994367333334,-2.244817205333333,567.9852833160062
mp-1195469,BaGeS3,2.4497,3.697401324024579,-5.224138662749996,-1.433299476249995,1100.0027687662705
mp-998552,BaHfO3,3.5394,8.332451498508037,-9.130724048,-3.786714650999999,72.50319461578196
mp-1105549,BaHfS3,1.252399999999999,5.547751676715811,-6.997449220499999,-2.139777798999998,493.2895787527485
mp-1383356,BaHfS3,0.8329000000000001,5.435170255671467,-6.969186516000001,-2.111515094499999,125.8768336086791
mp-998352,BaHfS3,0.8438999999999991,5.436616236620325,-6.96909416,-2.111422738499999,125.84335405165707
mp-998419,BaHfS3,0.866499999999999,5.514654763774347,-6.9899430095,-2.132271587999999,496.25011988220575
mp-10250,BaLiF3,6.564299999999999,5.266935916551588,-5.655332029999999,-3.741441043666666,63.45348177862734
mp-23818,BaLiH3,2.2146,3.789069851402205,-3.412171435999999,-0.6094920114166651,64.54983172455981
mp-632808,BaLiH3,1.1987,1.881426287390243,-2.791583514,0.011095910583333,129.99915167544583
mp-1205336,BaMnO3,1.8948,5.765228492121008,-7.667293149000001,-2.482318499586207,276.8088065448443
mp-18840,BaMnO3,0.8952999999999991,6.088581271505338,-7.674919523666667,-2.489944874252874,196.58101951817105
mp-19267,BaMnO3,2.0901,5.719479103329139,-7.669312416,-2.484337766586208,418.5344476825107
mp-35078,BaMnO3,0.7543000000000001,6.203842341526642,-7.661692172500001,-2.476717523086208,257.2383259452137
mp-557535,BaMnO3,0.8359000000000001,6.009789264567697,-7.6736989640000015,-2.4887243145862072,531.0888445860152
mp-675227,BaMnO3,0.8679000000000001,5.95850825028464,-7.673137790200001,-2.488163140786207,334.7872385437482
mp-569812,BaN3Cl,4.078699999999999,3.626036888536963,-6.785447807,-1.028977612,196.73487530542016
mp-19138,BaNiO3,1.469199999999999,6.072761251153483,-6.328621400000001,-1.8200224730000008,133.449151553611
mp-19241,BaNiO3,1.5157,6.06909148531972,-6.328540503000001,-1.819941576,133.5298435547286
mp-11006,BaPS3,3.1164,3.290003628641807,-5.423391564500001,-1.474063243928571,533.9879165208706
mp-11008,BaPSe3,2.1651,4.526466315493323,-4.858490397499999,-1.294053817834819,594.5640041838495
mp-20461,BaPbO3,0.1934,7.877180851020856,-6.203899323,-2.108798317999999,165.49154870311418
mp-20991,BaPbO3,0.027299999999999,8.196469151276947,-6.203213393000001,-2.108112388000001,159.04492951661564
mp-22230,BaPbO3,0.199299999999999,8.185414704735301,-6.203951158000001,-2.108850153,159.2597205485281
mp-1214788,BaPtO3,0.415899999999999,8.480501764111574,-6.373782275142857,-1.806984020142856,1042.8133825691384
mp-989637,BaReN3,1.7855,6.33372480850784,-8.574175465000016,-0.6977909885000171,383.355376091125
mp-768307,BaSO3,4.4264,4.220516074236972,-6.779983659,-2.599932525499999,171.06198078454176
mp-18291,BaSbTe3,0.620699999999999,5.761188872469049,-4.136793026999999,-1.041214254999998,1480.0812310614283
mp-6989,BaSeO3,3.886599999999999,4.96556488626975,-6.369833005999999,-2.318079119468748,176.75970785828287
mp-1016821,BaSiO3,0.9473,6.273519937114947,-7.280380138,-2.842744940999999,56.48771473314591
mp-12958,BaSiO3,3.0454,5.765227565391804,-7.546947386666668,-3.109312189666668,184.4038941538481
mp-18407,BaSiO3,2.1249,6.071180489088911,-7.433081184000001,-2.995445987000001,350.22197599033973
mp-7339,BaSiO3,4.5345,4.22550248405267,-7.819616552499999,-3.3819813555,335.46476985200644
mp-776076,BaSiO3,4.9408,4.406777069787621,-7.80272853875,-3.365093341749999,643.3305773691544
mp-776084,BaSiO3,4.6708,4.100241203264657,-7.841648403,-3.404013206000001,518.5696943364608
mp-1178513,BaSnO3,0.665099999999999,6.864126368631641,-6.7413082110000015,-2.586822249000001,147.10169950504223
mp-3163,BaSnO3,0.372399999999999,7.097114448493584,-6.741954234,-2.587468271999999,71.13628093297905
mp-1183370,BaSnS3,0.8569,4.669209108430439,-5.062951831499999,-1.394803844999997,501.0655834201988
mp-5431,BaTeO3,2.7149,5.49100834768368,-6.338290204000003,-2.357057434333336,189.26378785886055
mp-556021,BaTeO3,3.256199999999999,5.503485898689368,-6.328950654333334,-2.347717884666667,1133.0081241360815
mp-27499,BaTeS3,1.9088,4.097770834982159,-4.684428414500002,-1.189533620333334,585.3496576133798
mp-1189614,BaThO3,4.047,7.537982410796209,-8.610439181999999,-3.7750959409999982,367.7631283410378
mp-8037,BaThO3,3.2033,7.119627087536885,-8.527033092,-3.691689850999999,97.34330038250653
mp-2998,BaTiO3,1.666299999999999,6.015663613577288,-8.409168392,-3.477498397666666,128.738833485449
mp-5020,BaTiO3,2.5086999999999997,5.89961040436988,-8.423906982,-3.492236987666666,65.6356490658401
mp-558125,BaTiO3,2.0811,5.76628573211291,-8.422651141666666,-3.490981147333332,402.919427981081
mp-5777,BaTiO3,2.2929999999999997,5.905237274567591,-8.423947971999999,-3.492277977666666,65.57310741671338
mp-5933,BaTiO3,1.726099999999999,5.804935524770896,-8.421328529999998,-3.4896585356666643,400.2367535081449
mp-5986,BaTiO3,1.727999999999999,5.927475120567493,-8.421991397999998,-3.490321403666664,65.32709969254628
mp-644497,BaTiO3,0.3567,3.471516277603287,-7.709675374,-2.778005379666666,111.54340845946945
mp-989622,BaWN3,1.505,7.0919324591152,-8.8003423065,-0.8219546254999991,340.15347524074014
mp-989636,BaWN3,1.093799999999999,6.944880878085909,-8.790327832000001,-0.811940151,173.67795895194058
mp-1019544,BaZrO3,3.1163,6.148305055783227,-8.701352408,-3.639240691,149.38125101812372
mp-3834,BaZrO3,3.0377,6.143794292287296,-8.701280686,-3.639168969000001,74.74546324141521
mp-540771,BaZrS3,0.99,4.262395303692848,-6.683471456999999,-2.107697715499998,506.0566946992324
mp-998350,BaZrSe3,0.202399999999999,5.197960744971479,-6.033841046,-1.842959045406249,148.68645536701626
mp-998427,BaZrSe3,0.372599999999999,5.50265572294674,-6.1113449565,-1.920462955906249,561.8133477504385
mp-1188955,BeNF3,1.7006,1.813512554287816,-4.9186266665,-1.3547771195,293.0589582435813
mp-726347,BeNF3,2.6969000000000003,1.581232746701653,-5.1295516935,-1.5657021465,336.1087107700283
mp-1183445,BeSiO3,0.269099999999999,3.360455805228183,-6.761510964,-1.9597881819999992,42.04936611513888
mp-685341,Bi16Ru16O55,0.057999999999999,8.726297794093346,-7.079564737528735,-1.530497555057471,2222.897416226856
mp-31250,BiBO3,3.0096,6.858520761517384,-7.373128569000002,-2.290466749833336,259.34169065972594
mp-1178485,BiCO3,1.411099999999999,5.760646941280607,-7.205558499999999,-1.612578505999999,310.1507491782457
mp-753455,BiOF3,0.024099999999999,4.727083710880998,-5.060385857,-2.144475369,396.21089693666096
mp-573119,BiRhO3,0.4103,9.498988703250449,-6.5665035535000005,-1.3468585145,251.64851803379383
mp-755382,BiSbO3,2.1066,7.542578068469687,-6.191114895,-1.618531182,166.76267335128563
mp-1227486,BiSbS3,1.348399999999999,5.372816125138688,-22.01076539175,-0.348625160437501,527.799868152903
mp-1227508,BiSbSe3,1.0106,6.343065923102981,-25.772911206750003,-0.344257173187503,594.3850249237373
mp-1227340,BiSbTe3,0.213299999999999,6.74731363324774,-3.921487397999999,-0.431696751999999,175.60495542387753
mp-29526,BrNO3,2.208,2.923029358854789,-5.4999319555,-0.5361104965000001,322.4671988112441
mp-1079290,C3IN,1.9388,2.15848257094122,-5.772139142999999,1.738908515999999,272.24793599220885
mp-722025,C3IN,1.951,1.798208355389058,-5.880080404999999,1.630967253999999,326.7932901394854
mp-1080825,C3NCl,2.0218,1.200431717812232,-7.490009657895834,1.534569369854166,236.5190317241504
mp-722045,C3NCl,1.325,1.262252136013867,-7.671176217895836,1.353402809854165,224.93520862205028
mp-1199083,C4(N3O)3,0.270699999999999,1.4411849108893091,-7.28371945640625,0.642050124843748,1023.6240543625086
mp-1214363,C8Cl4O3,2.4919,1.785461585710311,-7.020348592499999,-0.6146209008333331,1063.5706725395462
mp-28765,CBr3F,3.3196,2.800979884257033,-3.8943620875,-0.683227162499999,641.9795737103517
mp-23071,CCl3F,4.9147,1.974987243922493,-6.89243511975,-0.5863191532499991,923.9760006360516
mp-28473,CClF3,6.616,2.164334652507502,-6.551985864,-1.4564342765,160.28768937768186
mp-556845,CIF3,3.725,2.780630265280026,-4.8468588175,-1.5475483405,467.9756858583632
mp-1188937,CN3Cl,0.3063,1.430855804212573,-7.829082688395834,0.8681025318541641,415.39153083170027
mp-29700,CS3N,2.8283,1.569779562046759,-8.440234397705357,0.195385110857145,1034.226560362879
mp-33318,Ca11Al14O32,3.4332000000000003,2.554711086381877,-7.532547117193035,-3.447732863508824,864.8651693970274
mp-530149,Ca12Al14O33,2.0399,2.608963359641477,-7.499897468305084,-3.435694530254236,882.5725134958977
mp-532016,Ca12Al14O33,2.1738,2.611766291946113,-7.500789338644068,-3.43658640059322,881.6253418378175
mp-4192,Ca3AsN,0.894,3.229329942502832,-10.282573362,-1.292340810249999,430.2095810510133
mp-7223,Ca3AsN,0.7169999999999991,3.238955029320625,-10.274529862,-1.284297310249999,107.23278565641596
mp-1013642,Ca3AsP,0.192699999999999,2.474410166295665,-10.091879566583334,-1.126981886678571,151.75197904576734
mp-1096856,Ca3AsP,0.1089,2.352024772359991,-9.869313688583334,-0.904416008678572,159.64825035816477
mp-31149,Ca3BiN,0.3687,4.843294237211277,-18.95342622,-1.204245116750002,117.67446228077743
mp-1013558,Ca3BiP,0.0759,3.7617496719037433,-18.845626722,-1.121780490595242,158.9968941301616
mp-29226,Ca3Ga4O9,2.639299999999999,4.205994531591592,-6.655191355833334,-2.738889307395833,643.276852169815
mp-17193,Ca3GeO,0.140199999999999,3.30343145132463,-4.825235687000001,-1.7076779870000012,209.9891859626689
mp-1003639,Ca3Mn4O8,0.432999999999999,3.857288450040705,-7.890930260666667,-2.40769367078161,805.8524779739292
mp-11824,Ca3PN,0.8055999999999991,2.6228647853136997,-9.054565102,-1.205423485345237,104.59748823288616
mp-1013544,Ca3SbAs,0.400599999999999,3.180355599792073,-3.910329466,-0.9471447835,165.46914900000002
mp-1013548,Ca3SbN,0.4075,3.702820690540552,-4.899586169999999,-1.202770444999998,114.8041449895023
mp-1013550,Ca3SbP,0.6583,2.906845517813132,-4.133625522,-1.02137064092857,155.9331687720289
mp-11649,Ca3SiO,0.5122,2.608699415699829,-4.875991883499999,-1.597976148499999,418.3815907476482
mp-1183521,Ca3SiO,0.069999999999999,2.61417755163329,-4.876448076999999,-1.598432341999998,417.5048518189012
mp-1205330,Ca3SiO,0.056599999999999,2.615034647289244,-4.876703399,-1.598687663999999,208.68400586094293
mp-1227625,Ca3Tl4O9,0.8115999999999991,7.9705131750211855,-5.683074064375001,-1.930927992395836,225.36914376918537
mp-765585,Ca3Tl4O9,0.8213,7.722833751095685,-5.68379842625,-1.931652354270835,930.3878796565745
mp-1228746,Ca43Al16Pb13,0.238999999999999,3.625780920652948,-3.119484177361111,-0.419006121388887,2220.5939165462914
mp-554162,Ca4Mn3O10,0.297099999999999,4.13714351094282,-7.603817150882353,-2.6045197716937123,778.8571356357762
mp-698549,Ca4Mn4O11,0.0647,4.109067497070993,-7.738976069210526,-2.52329018798548,449.4232988517404
mp-1100349,Ca4Sn3S10,0.9441,3.428851889413257,-5.009935827647059,-1.396695109411763,810.7809921041453
mp-1100361,Ca4Sn3S10,0.9444999999999992,3.45051489318771,-5.015565995441176,-1.402325277205881,1611.3815026071925
mp-15315,Ca4Ti3O10,2.4425,3.76687188840509,-8.301009747352941,-3.525216475588235,818.0110389635466
mp-3080,Ca5(Ga3O7)2,3.3099,3.982235911829805,-6.6595287292,-2.760807544999999,702.8055840853117
mp-17694,Ca5Al6O14,4.441899999999999,2.968086898961273,-7.5120118254,-3.4410954873999997,655.9953617399609
mp-1229248,Ca65Ga24Sn19,0.1482,3.371181552396891,-3.147800361388888,-0.562428491157406,3218.401609374132
mp-1196268,Ca6Si6O19,0.7609,2.609763522004709,-7.727340650645162,-3.256477213387097,907.295901805496
mp-1202163,Ca6Si6O19,0.7095,2.616822614227801,-7.726362236451613,-3.255498799193548,452.42419859151846
mp-1204238,Ca6Si6O19,0.0121,2.6979163140671023,-7.481300762096774,-3.01043732483871,877.6505541889313
mp-727205,Ca6Si6O19,0.5771000000000001,2.587600595265223,-7.7270940593548385,-3.256230622096774,457.53346797975473
mp-727278,Ca6Si6O19,0.5506,2.591055883540607,-7.727441055645161,-3.256577618387097,913.8466534966348
mp-1366160,Ca8H3N4,0.2414,2.403192369601571,-7.618344610400001,-0.739231977816666,1311.7229962140634
mp-530696,Ca8H3N4,0.4756,2.403192383303455,-7.762946597066668,-0.8838339644833331,1311.72298873523
mp-1214022,Ca8Mo7O20,1.145799999999999,4.767440813083044,-7.954227264285715,-2.499268123999999,457.0473267125659
mp-1084760,CaBO3,0.3587,2.463790962359136,-7.523356677,-2.817581743833332,133.29544697205682
mp-1189809,CaBO3,0.5519000000000001,2.470681810999028,-7.521660023,-2.815885089833332,265.8473593089517
mp-755893,CaBiO3,0.665299999999999,6.826443674238326,-6.412126172499998,-2.264222731499998,289.0372280681903
mp-867749,CaBiO3,0.0804,6.301221215178129,-6.391285753,-2.243382312,156.56459992332617
mp-1079918,CaCO3,4.8573,2.766424138641219,-7.896950882000001,-2.680857774000002,120.1538154729379
mp-1188902,CaCO3,5.0381,2.849567292669833,-7.900906733499999,-2.6848136255,233.29606311051344
mp-1194399,CaCO3,4.9216,2.650261146612592,-7.896338674333334,-2.680245566333334,376.2607498876414
mp-1197230,CaCO3,4.925530420313324,2.903589663399904,-7.898943811000001,-2.682850703000001,572.3887566898225
mp-1197939,CaCO3,4.956399999999999,2.5562001285766263,-7.895481444,-2.679388336,1170.318280569606
mp-2717324,CaCO3,5.662,2.685701698782225,-7.895403835333335,-2.679310727333335,185.647804235796
mp-3205,CaCO3,4.275500000000001,3.000784823744014,-7.734772092,-2.518678984,110.769826894637
mp-3953,CaCO3,4.999499999999999,2.703519704858185,-7.903637566,-2.687544458,122.9495072208524
mp-4626,CaCO3,4.1871,2.956192646199382,-7.902641511500002,-2.686548403500002,224.88143044501672
mp-548403,CaCO3,5.7242,3.173265885699786,-7.593784954,-2.377691846,104.7489959704011
mp-553939,CaCO3,4.718299999999999,2.672062038888523,-7.890947636000002,-2.674854528000002,248.7939356471248
mp-556235,CaCO3,5.0106,2.713896574072206,-7.902769873,-2.686676765,244.95879367681044
mp-560265,CaCO3,4.9434000000000005,2.54690164613275,-7.895569250999999,-2.679476143,1174.5909952235652
mp-561412,CaCO3,4.9726,2.601889131783556,-7.896440146666666,-2.680347038666667,191.62792800071696
mp-641635,CaCO3,0.006399999999999,2.169279897742058,-6.5258647435,-1.3097716355,306.45783959936216
mp-696740,CaCO3,1.5162,2.7960613083212023,-6.030930786000001,-0.8148376780000001,118.88023144734048
mp-756365,CaCeO3,2.2817,5.028686535488704,-8.176925261,-3.6196387079999983,301.40837780939603
mp-20772,CaCrO3,0.4069,4.222917142537827,-7.9187860535,-2.618279980499998,220.31739524847345
mp-1272846,CaFeO3,0.0607,4.218090935409315,-7.2877994345,-2.2238986135,226.6302730514852
mp-1016884,CaGeO3,0.5017,4.928537978810958,-6.873712094,-2.579209943999999,54.1490255087543
mp-17761,CaGeO3,3.481299999999999,3.669381308468726,-7.044484095333333,-2.749981945333333,436.38233200714
mp-554549,CaGeO3,2.661399999999999,4.40456402078852,-7.030077613624999,-2.735575463624999,969.4508785919636
mp-776074,CaGeO3,3.413499999999999,3.651340808611135,-7.014412666333333,-2.719910516333334,438.5384044777961
mp-776086,CaGeO3,3.58,3.825522292658277,-7.023572567666667,-2.729070417666668,418.57112569596745
mp-8130,CaGeO3,2.028699999999999,4.932384058856298,-6.9371081895,-2.6426060395,216.4272088717933
mp-1016873,CaHfO3,3.6612,6.580037829361946,-9.022185534000002,-3.660851149000001,67.27067539944997
mp-754853,CaHfO3,4.4855,7.017975204441195,-9.182272448,-3.820938063,252.2913381939509
mp-1190098,CaHfS3,1.5238,4.731246841013688,-17.283529573000003,-2.025165418687501,441.8930364734302
mp-28534,CaInBr3,3.136,3.997038781356189,-3.759740196000001,-1.824617550333334,327.873726444337
mp-1206105,CaInI3,2.783499999999999,4.3407602345872345,-3.243666941,-1.376304647333333,409.7901296905657
mp-19201,CaMnO3,0.468599999999999,4.357036329648904,-7.7027377015,-2.500438064086206,218.02043676963348
mp-989635,CaMoN3,0.872599999999999,4.220453189740689,-8.36548322900001,-0.792266584000009,140.0983293035419
mp-1045305,CaMoO3,1.1411,4.852260631561575,-8.148709528,-2.609682926999999,251.8958581900744
mp-19012,CaMoO3,1.131599999999999,5.123847720243391,-8.152042065,-2.613015463999999,238.54423915062333
mp-607467,CaMoO3,1.105,4.859133129267733,-8.158404337499999,-2.619377736499999,251.53959017651147
mp-1106358,CaNCl3,1.4827,1.990069330767163,-7.783891576249999,-0.8590193634999991,535.505025319184
mp-754103,CaNiO3,1.2293,4.354802652635339,-6.278679832,-1.752755917,111.93005701039908
mp-9789,CaPS3,3.0848,2.503227021928142,-9.265458472,-1.236962133282737,443.7788177109644
mp-11007,CaPSe3,2.1335,4.032846886805643,-12.846995039,-1.051984898032739,507.1679981909675
mp-20079,CaPbO3,0.933199999999999,7.124821189855321,-6.285639986499999,-2.173213993499998,275.27296614002546
mp-756708,CaPrO3,0.019499999999999,4.665157857585113,-7.3414179785,-3.012427107833333,326.0225185540034
mp-4784,CaPtO3,1.2953,8.18146661006258,-6.575624937000002,-1.991501694000001,114.94236831033714
mp-989606,CaReN3,1.8813,5.702247561747393,-8.62882269999999,-0.7351132354999901,312.5301702485125
mp-557997,CaSeO3,4.2602,3.9034417697445982,-6.376005910500003,-2.306927035968752,284.23135478673646
mp-754140,CaSeO3,4.2625,3.839388937745314,-6.354179965500002,-2.285101090968751,288.9732091579102
mp-1181886,CaSiO3,3.556599999999999,4.1032428658105,-7.6592618475,-3.204301662499999,188.0376543147348
mp-17552,CaSiO3,4.7336,2.8221436760360623,-7.882680439333334,-3.427720254333334,410.0947287636344
mp-3382,CaSiO3,3.514599999999999,4.103785434537042,-7.659278372,-3.204318186999999,94.00639676203232
mp-3387,CaSiO3,3.6891,4.106169037509772,-7.661693698,-3.206733513,93.9518266932576
mp-4356,CaSiO3,3.529899999999999,4.10429697690311,-7.659303525,-3.20434334,187.989360397809
mp-4428,CaSiO3,4.733700000000001,2.965709943717648,-7.880057129333334,-3.425096944333334,390.2425615855172
mp-4429,CaSiO3,4.8413,2.902926205593484,-7.903008399833334,-3.4480482148333342,398.6826269045318
mp-4853,CaSiO3,3.724199999999999,4.106994251301068,-7.6592837915,-3.2043236065,187.8658981142353
mp-5096,CaSiO3,3.6753,4.104358864003566,-7.661885076999999,-3.206924891999999,93.99326291098971
mp-560885,CaSiO3,3.7183,4.102298110406588,-7.6617654905,-3.206805305499999,188.0809592100086
mp-561086,CaSiO3,4.707999999999999,2.8251532169722333,-7.882777688666667,-3.427817503666667,819.3157372160958
mp-5733,CaSiO3,5.1355,2.90304391106308,-7.902994123666668,-3.448033938666667,797.3329242079571
mp-5893,CaSiO3,3.4579,4.10700725534391,-7.658790582,-3.203830397,46.96632581831585
mp-649676,CaSiO3,3.0437,1.998980788330364,-7.552646998833334,-3.097686813833334,1157.9363364694275
mp-1182670,CaSnO3,0.7363000000000001,3.963406029131419,-5.779489395000001,-1.607678445,173.27347287152
mp-4190,CaSnO3,2.937899999999999,5.104684240322317,-6.851495226000007,-2.679684276000007,134.53390939302432
mp-4438,CaSnO3,2.3301,5.520396786842774,-6.866365996500008,-2.694555046500007,248.80571219239832
mp-7986,CaSnO3,1.390499999999999,5.106609751710353,-6.656275543999999,-2.484464593999998,67.24159084581586
mp-1100328,CaSnS3,0.0001,3.163620765215991,-4.845566586,-1.160093611499998,401.5107349220729
mp-1100329,CaSnS3,0.111,3.529833715336258,-4.912291366,-1.226818391499998,239.90321752509695
mp-1100330,CaSnS3,1.7213,2.841746956414052,-4.964158504666667,-1.278685530166665,893.9766403828442
mp-1100335,CaSnS3,1.8766999999999991,3.126022249189184,-4.982966499,-1.297493524499997,812.6798833796337
mp-1100340,CaSnS3,1.584,3.2915279345677853,-4.956830102,-1.271357127499998,514.5442982539549
mp-1100345,CaSnS3,0.371399999999999,3.359610981019558,-4.96440673,-1.278933755499998,252.0584884446196
mp-1100358,CaSnS3,1.3995,3.093076714123663,-4.92024090025,-1.234767925749998,1095.1147273793472
mp-1100371,CaSnS3,0.2672,3.267918440355781,-4.82186684,-1.136393865499999,777.3925338958659
mp-1100375,CaSnS3,1.7350999999999992,2.837298594163399,-4.964343833333333,-1.278870858833332,1790.7564626008498
mp-1100379,CaSnS3,1.420799999999999,2.987782049879168,-4.931923421166667,-1.246450446666665,1700.5627281387194
mp-1100381,CaSnS3,0.8106999999999991,3.316460042391753,-5.0061546775,-1.320681702999998,2042.7044615367172
mp-1100389,CaSnS3,0.0442,0.151652863811783,-2.199625215,1.485847759500001,5583.926635824841
mp-1238933,CaSnS3,0.8479000000000001,3.562581933360378,-4.9400641805,-1.254591205999998,475.39592434803626
mp-1331908,CaSnS3,0.2654,3.027334281154365,-4.9096085689,-1.224135594399999,2797.241358211792
mp-866495,CaSnS3,0.6332999999999991,3.365582775969202,-4.910440428999999,-1.224967454499998,503.2224859742892
mp-866504,CaSnS3,0.6837000000000001,3.329028125644253,-4.890827036999999,-1.205354062499998,763.1222389932685
mp-866505,CaSnS3,0.301099999999999,3.014211996924331,-4.9091017564,-1.2236287818999991,2809.419067078957
mp-866519,CaSnS3,0.397999999999999,3.594757580445283,-4.877091551,-1.191618576499998,235.5703956907269
mp-866565,CaSnS3,0.4264,3.41308414217441,-4.8382225747500005,-1.152749600249998,992.4378425645772
mp-866606,CaSnS3,0.698399999999999,3.34009135449656,-4.897321815666667,-1.211848841166665,1521.189169567561
mp-866787,CaSnS3,1.2199,3.144899438700671,-4.871731294583333,-1.186258320083332,3231.207161222054
mp-866811,CaSnS3,0.8249000000000001,3.846524209235946,-4.9992920095,-1.313819034999998,440.30320339824056
mp-866826,CaSnS3,1.6173000000000002,3.443850543883626,-5.000754142,-1.315281167499999,245.89291981375573
mp-866844,CaSnS3,0.9076,3.697355339835932,-4.96161246,-1.276139485499998,458.0671251767284
mp-866845,CaSnS3,0.6919000000000001,3.558760261810052,-4.908704038,-1.223231063499998,237.9532205990824
mp-866850,CaSnS3,0.424699999999999,3.826905443169613,-4.984162966,-1.298689991499998,221.28021666936272
mp-866936,CaSnS3,0.2488,3.626705661408289,-4.8596792995,-1.174206324999998,466.99045618656936
mp-866941,CaSnS3,1.3663,3.077589716886972,-4.9897667310000005,-1.304293756499998,550.3127730062115
mp-867022,CaSnS3,1.1208,2.873838792529319,-4.887189198333333,-1.201716223833331,883.993703306268
mp-989634,CaTcN3,1.406499999999999,3.764292065759019,-12.639079162499998,-0.561237609749998,317.7861076091947
mp-989638,CaTcN3,0.474,4.34766333811324,-12.651171695,-0.57333014225,137.57271785455993
mp-1195263,CaTeO3,3.5191,3.854643236960351,-6.3825486325,-2.383990874833332,743.2879959459007
mp-1228456,CaTeO3,3.1072,4.015677188280242,-6.394135009999999,-2.395577252333333,1605.3326258044688
mp-1366217,CaTeO3,2.895,4.407514548542142,-6.409629035600001,-2.411071277933333,1625.1279576798906
mp-17008,CaTeO3,3.2993,4.191933759212914,-6.393877247133332,-2.395319489466665,512.6112811998438
mp-2981,CaTeO3,2.960699999999999,4.167330249802311,-6.3980942964444445,-2.399536538777777,1546.9130639096422
mp-560097,CaTeO3,3.297499999999999,4.019465917819278,-6.396399992666668,-2.397842235,1069.212964582537
mp-560656,CaTeO3,2.9438,4.246917733122034,-6.4068527626,-2.408295004933332,1686.5820265021075
mp-561374,CaTeO3,3.152199999999999,4.050457341608824,-6.39608214111111,-2.397524383444444,1591.5480799717564
mp-1205364,CaTiO3,2.1378,4.012620644503752,-8.493632547,-3.544637564666666,225.02899171175915
mp-3442,CaTiO3,2.2434,4.016239102380592,-8.487685553999999,-3.538690571666666,112.41312515722096
mp-4019,CaTiO3,2.3053,4.02925941391082,-8.5050821395,-3.556087157166666,224.09973769300063
mp-556003,CaTiO3,2.1586,4.01211210218927,-8.493670329,-3.544675346666666,112.52875726749468
mp-5827,CaTiO3,1.8284999999999991,3.836497971925326,-8.440614542,-3.491619559666667,58.83985762289643
mp-754701,CaTiO3,3.570599999999999,3.613170410158765,-8.476729451,-3.527734468666666,124.95341697913328
mp-1205521,CaTlBr3,3.7234,4.892994481821508,-3.773300503999999,-1.915718183666667,328.6284841078922
mp-998151,CaTlCl3,3.9626,3.701069690568498,-4.17169119,-2.187151110666668,157.40066040659983
mp-998787,CaTlCl3,4.2088,4.086550330740566,-4.210446287000008,-2.225906207666676,285.1063935878464
mp-1097061,CaTlF3,4.4565,5.456458649449334,-17.18301115900001,-3.263874733000008,91.74087869651436
mp-1955652,CaTlF3,4.545999999999999,5.624154326858971,-17.160615942,-3.241479516000001,89.00543654733717
mp-998150,CaTlF3,4.456399999999999,5.628738537937754,-17.160098478000002,-3.240962052,88.93294788836994
mp-998615,CaTlF3,4.6281,5.723793858077697,-17.164239479,-3.245103053,174.91206828325397
mp-1206188,CaTlI3,3.2233,5.129160286873277,-3.256533485,-1.466711516666668,404.7941461537616
mp-1435359,CaVO3,0.2606,4.10753889584289,-8.115363726000002,-2.928685933000001,224.8006192053436
mp-22608,CaVO3,0.433899999999999,4.299918247158427,-8.123021790500001,-2.9363439975,214.7429867546256
mp-989616,CaWN3,0.5612,6.051179304803491,-17.964336496,-0.8058684772500011,145.95522033096265
mp-1342410,CaWO3,1.9784,7.060898434255337,-8.5729237665,-2.611401141499999,255.79037973460856
mp-4571,CaZrO3,3.8263,4.603084505750543,-8.7496117745,-3.670175069499999,258.7265007863652
mp-542112,CaZrO3,3.2122,4.135496361472064,-8.55771869,-3.478281985,71.99498215571205
mp-776024,CaZrO3,3.744799999999999,4.388251250010517,-8.724246397749999,-3.644809692749999,542.7856698013446
mp-7781,CaZrS3,1.1878,3.352008296890533,-6.625294913499999,-2.032196183999998,450.7956097659229
mp-542117,Cd3Se3O10,3.0782,5.289675663936438,-5.30163995937501,-1.373679018564463,460.90287193803806
mp-1652319,Cd6(CoO3)5,0.9162,6.21792471773103,-5.610907515,-1.162962906730769,322.904510340192
mp-755478,CdBiO3,0.766999999999999,8.444817808315447,-5.373882152000002,-1.435096649000002,145.26917584693376
mp-4385,CdCO3,2.6226000000000003,4.956502910786648,-6.761938697,-1.754963526999999,115.52902720431366
mp-768578,CdCoO3,0.130199999999999,6.147559992602916,-5.727936619499999,-1.140474634499999,236.9893852503211
mp-1016903,CdGeO3,0.1022,7.150943527391868,-5.64122451,-1.555840297999999,54.11695667257225
mp-1227040,CdGeO3,0.074199999999999,5.616969526379604,-5.230886904,-1.145502691999999,137.79220244027488
mp-13003,CdGeO3,0.8481000000000001,7.167115229772247,-5.8255737845,-1.740189572499999,215.97939401466783
mp-2951,CdGeO3,1.5369000000000002,5.910380819331949,-5.942425548499999,-1.8570413364999991,261.9034629877659
mp-685935,CdGeO3,1.723999999999999,4.995626273283812,-5.846945601,-1.761561389,154.93044510132876
mp-7588,CdGeO3,1.3002,6.213606936349901,-5.926822038875001,-1.841437826875,996.4899421647862
mp-8275,CdGeO3,1.4099,6.5129473542720255,-5.921550844,-1.836166631999999,118.83630558937064
mp-505222,CdInBr3,2.2208,5.039741075713652,-2.8275302260000013,-1.101525518333334,615.4076256288415
mp-1080000,CdNCl3,2.0259,1.85615401720497,-9.70932837275,-0.171117361999998,416.4900116707763
mp-1080587,CdNCl3,0.8155,2.408788186067089,-9.57895180275,-0.040740791999998,320.93714705180184
mp-5328,CdPS3,1.756199999999999,3.459377513709595,-11.169029075,-0.5271939382827381,230.0018155238127
mp-9330,CdPS3,1.772699999999999,3.489075664701975,-11.168225917,-0.526390780282737,228.04409683199663
mp-1079559,CdPSe3,1.0486,4.825860987294309,-3.954065545,-0.581421915334821,261.691952841095
mp-18634,CdSO3,3.0449,4.244667362884329,-5.617649814666667,-1.629391631166666,451.7822968281786
mp-556680,CdSO3,3.2188,4.093872104016965,-5.620480781,-1.632222597499999,624.5645595014557
mp-8516,CdSO3,3.334699999999999,4.253057560808945,-5.620434524,-1.6321763404999992,300.59403038203004
mp-559203,CdSeO3,3.4047,5.027554029995879,-5.268916143250001,-1.408955206718751,632.4855475554016
mp-9186,CdSeO3,3.0904,5.81352277375989,-5.274442168000002,-1.4144812314687512,273.4878134372338
mp-1016879,CdSiO3,0.6505999999999991,6.598592705861918,-6.406944496,-2.161102249,47.43478301350349
mp-560560,CdSiO3,2.8901,4.897479561547846,-6.781450762500001,-2.5356085155,766.931992499724
mp-776023,CdSiO3,2.7666999999999997,4.724748711745973,-6.75465183,-2.508809583,529.9800388010572
mp-1182642,CdSnO3,0.7079000000000001,5.949277673370609,-5.720829872,-1.7581368599999991,155.81331424913833
mp-754329,CdSnO3,0.9762,7.073964607426622,-5.800440844000002,-1.8377478320000007,131.04061486299892
mp-849371,CdSnO3,0.690399999999999,7.6354849403898974,-5.7700575915000005,-1.807364579499999,242.8075437023761
mp-28290,CdTeO3,3.019,6.324731919730319,-5.31107154725,-1.521631727583333,604.9274931616135
mp-1078398,CeAsO3,0.0609,6.230832471975322,-7.836076696000001,-2.7458856125,140.19995683687966
mp-1195015,CeAsO3,0.286099999999999,5.9964256251811054,-7.90909450425,-2.818903420749999,582.7221069567656
mp-20178,CeBO3,0.0293,5.291666846074193,-8.898571303,-3.406526371833334,124.84650887509292
mp-20882,CeBO3,0.058699999999999,5.483837776597158,-8.904444915000001,-3.412399983833333,240.9429887520787
mp-1189296,CeBS3,0.078699999999999,3.9541150544870782,-6.523589921999999,-1.517882966333331,415.117647879931
mp-1183685,CeBeO3,0.809399999999999,7.013334961429547,-8.082590292,-3.178541142,46.67338151802652
mp-1213812,CeCdO3,1.544699999999999,6.529103599984977,-7.0651081545,-2.716939539499999,305.7288508020773
mp-756062,CeFeO3,0.6746999999999991,6.589067019537284,-8.719293432,-2.869122613,245.9248212563672
mp-1214689,CeIn3Pt,0.003199999999999,9.483217754242288,-4.5992257875,-0.5421049034999981,952.0751694358884
mp-1213810,CeLuO3,0.1122,8.36179409451996,-8.9494973105,-3.888993242833333,288.41203700202817
mp-1232197,CeMgS3,0.402099999999999,3.4629550418848343,-5.633451321,-1.637528716499998,249.9385895264058
mp-1232253,CeMgS3,1.0618,3.644628835448729,-5.818848360333334,-1.822925755833332,712.4397060768083
mp-1232259,CeMgSe3,0.1546,4.650775057223743,-5.093871503,-1.482840639406249,286.5655637034556
mp-1232360,CeMgSe3,0.875,4.797597912274163,-5.261986755666667,-1.6509558920729162,833.3870409532967
mp-776207,CeNiO3,1.011699999999999,7.024042911786611,-8.0604770275,-2.748283114499998,233.389042111955
mp-1214439,CePbO3,0.7348999999999991,7.270811378796641,-7.465946467499999,-2.567250476499998,361.1342055144163
mp-1198476,CeSn3Ru,0.0053,8.351020351726445,-5.9675536195,-0.519540024499998,950.1751990343956
mp-1213788,CeTmO3,0.094799999999999,8.068296247041621,-8.914985163999999,-3.862318291,293.9370669190826
mp-753945,ClOF3,3.6609,2.554349159252769,-3.4248679665,-0.9172557804999992,281.99980690637443
mp-562042,Co6Te5O16,2.1733,5.42714958008958,-6.525031782314814,-1.4256093428086412,1526.894506588116
mp-757083,CoBO3,0.1471,3.267607544506516,-7.691966076999999,-1.960627775833332,119.6691120518733
mp-765572,CoBO3,1.0669,3.371938187783153,-7.6689170925,-1.937578791333333,231.93289533114293
mp-1188346,CoBiO3,0.3878,9.305764679617504,-6.550150727,-1.376683918000001,225.4877037010106
mp-1181984,CoCO3,1.5474,1.6517855054742192,-7.485859252,-1.244202776000001,239.14484629654737
mp-550220,CoGeO3,1.5622999999999991,5.252721510351957,-7.1073308635,-1.7872653455,227.07110289681435
mp-1272234,CoNiO3,0.7645000000000001,5.727980852771097,-6.66452157,-1.113034286999999,96.02910678797517
mp-1279343,CoNiO3,0.9607,5.804929235591629,-6.68777252,-1.136285236999999,94.7561740490661
mp-1183681,CoSbO3,0.295499999999999,7.116842923310956,-6.28937231,-1.068112115,53.35947409333591
mp-22616,CoSeO3,1.851999999999999,5.262400707726104,-6.3759718795,-1.28132963696875,234.63049713342957
mp-699575,CoSiO3,2.614699999999999,4.080334769363951,-7.93103831725,-2.45051476425,879.1468013139676
mp-752613,CoSnO3,0.9832,6.559055799122409,-6.899944682999999,-1.702570364999999,228.5001761928931
mp-1247505,CoWN3,0.1728,6.695033731068769,-18.360212501875,0.037443002875002,282.54399380165324
mp-756902,Cr4(OF3)3,0.7197,3.609670588204645,-6.988976206875,-2.571429689999999,196.41610135733848
mp-768078,Cr4Si4O13,1.417599999999999,3.582982826564168,-8.662150609285714,-2.727057510952381,489.7001841075986
mp-1181841,CrBiO3,0.0298,2.255004037656982,-5.7346057550000005,-0.057212796,455.0453581219345
mp-23456,CrBiO3,1.293699999999999,8.2605226129062,-7.658867663,-1.981474704000001,248.44169502757876
mp-546027,CrBiO3,1.9846999999999992,8.64845289310953,-7.666845409999999,-1.9894524509999991,118.64886501255924
mp-559851,CrBiO3,1.790499999999999,8.84812721008082,-7.670347761000002,-1.992954802000002,231.942668887704
mp-1202206,CrCl3O,1.4763,2.23105298950496,-5.232928135250001,-1.20360076025,1038.1553824116054
mp-1244876,CrFeO3,0.7842,3.619926268186483,-7.871101631,-1.277711291999998,1143.7901287033228
mp-1244905,CrFeO3,0.094199999999999,4.118099469379599,-8.199979077875001,-1.606588738875,1005.423973600454
mp-1245072,CrFeO3,0.4785,3.990322905096773,-8.182853863375,-1.589463524374998,1037.6192680790436
mp-1245144,CrFeO3,0.4407,3.971338978378312,-8.22247648325,-1.6290861442499982,1042.579330227886
mp-1245147,CrFeO3,0.480199999999999,4.048469000259947,-8.171789855750001,-1.578399516749999,1022.7164718118642
mp-1245179,CrFeO3,0.4255,4.177055683186698,-8.23121358425,-1.637823245249998,991.2331187854304
mp-1245204,CrFeO3,0.6733,4.030635954437641,-8.24865710575,-1.6552667667499992,1027.2413532229396
mp-1245260,CrFeO3,0.387,4.036968378438651,-8.222712766250002,-1.629322427249999,1025.63001342778
mp-756147,CrInO3,1.4521,6.454494653224261,-7.5802655195,-2.129044673833333,221.0578738076804
mp-31703,CrOF3,2.1933,3.202374106429325,-6.308078555500001,-2.2395654355,259.24760737498946
mp-1226283,CrWO3,0.8863000000000001,4.161361585819264,-8.879733188,-1.3887210449999992,113.260511943298
mp-505212,Cs3AuO,1.3261,5.366422164251121,-3.05530406,-0.866148916793104,378.5473320676773
mp-1196535,Cs3B3Se10,1.7936,4.003437044609971,-4.4460532025,-0.8384767774939391,1012.680840527176
mp-1205638,Cs3BrO,1.551499999999999,4.327627694375486,-3.4093318509999992,-1.5475638007931032,379.5776741698312
mp-562420,Cs3ClO,1.6127999999999991,4.28866263952995,-3.512819365499999,-1.608732062293103,697.2083077949837
mp-1206444,Cs3IO,1.5285000000000002,4.375676368508151,-3.290399018999997,-1.451217752793101,411.08229598899504
mp-1196471,Cs4Co3F10,2.399,4.838991995597819,-5.240691560294114,-2.642416019624743,616.590110730016
mp-505031,Cs4Cu3F10,0.123,4.91182104758198,-12.06933676,-2.408485024705883,308.40222378759233
mp-616023,Cs4Fe3F10,3.1395,4.70718916623124,-5.610953945294112,-2.776807024036505,627.3183624984548
mp-5476,Cs4Mg3F10,6.371700000000001,4.362428590258467,-11.908123230294118,-3.425652509411764,604.8616572565895
mp-697948,Cs4Mg3H10,3.4766,3.244402648157474,-2.821820005294117,-0.32329149271298,629.1415304231368
mp-17733,Cs4Ni3F10,4.181599999999999,4.928435434087327,-12.477172565882354,-2.616040625882352,604.9151939730258
mp-1019713,Cs4Si3O8,3.658,3.9141408874403183,-6.7582173595,-2.792113865408046,1262.3265799574838
mp-17951,Cs4Zn3F10,4.6801,4.917765422917539,-12.111226648235297,-2.792056100294117,619.8332599036485
mp-573073,Cs7Cu6F19,0.516999999999999,4.938531293608619,-11.7580388090625,-2.375711369999999,1124.784117770291
mp-542069,Cs8Ta6O19,3.4757,5.848400199012312,-8.15944707090909,-2.932882073522466,696.4586058410016
mp-1189272,CsAlTe3,1.3209,4.351085130486324,-22.4229650635,-0.8045202115000021,828.4397309046539
mp-1178465,CsAsO3,2.192,3.862243598557912,-5.872535957,-1.788139333431035,219.9798195853576
mp-776093,CsAsO3,2.8702,4.467005398017112,-5.973052514499997,-1.888655890931032,380.39607043350026
mp-569548,CsAuBr3,0.653,5.411530359731257,-3.037363019,-1.218823183931034,349.55602409760155
mp-23484,CsAuCl3,0.5386000000000001,4.735835795145365,-20.024348033000003,-1.194202064500001,305.9137536017616
mp-28453,CsAuI3,0.7337,5.471687382536456,-2.696688997999996,-0.94590951493103,431.2946941860062
mp-567913,CsAuSe3,1.0527,5.701850689530211,-24.306352541000003,-0.580733772437503,330.10821328837363
mp-573358,CsBSe3,1.7167,4.262965177252166,-4.4690228445,-0.8540020896706191,593.0100300717643
mp-1096925,CsBaI3,3.6259,4.183075736046576,-3.402267387500001,-1.922469316431036,1033.6136394682028
mp-1017555,CsBeF3,5.367100000000001,5.026563847397926,-4.819322582,-2.741533069931034,65.71139997579614
mp-12262,CsBeF3,6.644299999999999,3.628994437487816,-5.4818748875,-3.404085375431035,364.0706021130139
mp-24341,CsBeH3,3.2298,2.173383439367494,-3.170810747000001,-0.204232796681035,221.48042743971288
mp-28873,CsBrO3,4.1681,4.340530525699314,-4.536734756,-1.058973331931034,99.77612005813248
mp-30056,CsCaBr3,4.3923,3.683620990955734,-3.86891267,-2.304029258931034,186.03893347623887
mp-1096927,CsCaCl3,5.3456,2.84537563624901,-12.654941288,-2.5341286095,163.02207990762005
mp-1097916,CsCaCl3,5.3331,2.916579014950093,-12.655121046,-2.534308367499997,159.04216959735567
mp-1206863,CsCaCl3,5.2834,2.926173995902905,-12.655232778,-2.5344200994999992,317.0413345134333
mp-7104,CsCaF3,6.9005,4.133979088092322,-12.020796766,-3.715830655999998,92.37795928990892
mp-644203,CsCaH3,3.1408,2.961551996439553,-8.99763873775,-0.495221956999999,98.68709087228876
mp-1213688,CsCaI3,3.9817,3.973677915970215,-3.328126307999997,-1.831003248931032,925.5257116270684
mp-2898987,CsCaI3,4.3729,3.899452016329916,-3.316557295999999,-1.819434236931033,235.7857633299278
mp-998333,CsCaI3,3.7149,3.795831241609599,-3.317324766,-1.820201706931034,242.2223781078566
mp-998428,CsCaI3,3.8335,4.077721812552602,-3.338127447499997,-1.8410043884310312,901.9107359491212
mp-541899,CsCdBr3,2.901,4.580916049065491,-2.941244357000002,-1.585478883931036,351.63652167638946
mp-570231,CsCdBr3,0.6968000000000001,4.762385495000636,-2.90856913,-1.552803656931034,169.11875228033412
mp-568544,CsCdCl3,1.7462,4.002617565982152,-14.435389230000002,-1.701237753500001,145.8972327527039
mp-619015,CsCdCl3,2.4918,3.907044593531172,-14.438023186,-1.703871709499998,896.796766964518
mp-8399,CsCdF3,3.2859,5.557644493354357,-13.614192072,-2.695887164000001,90.32609495079797
mp-754202,CsClO3,5.1356,3.394847047597858,-4.66767155,-1.147590872931034,211.65529271955867
mp-760386,CsClO3,5.465800000000001,3.293642814638612,-4.671130762,-1.151050084931034,109.0794275572189
mp-779389,CsClO3,5.5682,3.042760899983975,-4.674400533,-1.154319855931034,236.14650286890375
mp-29616,CsCrCl3,0.153299999999999,3.369328060839493,-13.44975245,-1.721930033499998,287.08960140196143
mp-27336,CsCuBr3,0.373599999999999,4.617702427819936,-3.233106413499999,-1.249501644431033,627.3825242091172
mp-23032,CsCuCl3,0.5494,3.611518889694559,-12.214737264,-1.332224125499999,835.3747005276382
mp-2456411,CsCuCl3,0.5132,3.33744626403946,-12.211991927666665,-1.329478789166664,301.3253520050113
mp-638685,CsEuBr3,0.9373999999999992,4.308584189992555,-5.513263593,-2.291877774931035,808.6999868930995
mp-1068377,CsEuCl3,0.6374000000000001,3.6343595497693952,-18.906850874,-2.4895203925,178.75229994418413
mp-2767575,CsFeF3,0.9184999999999992,5.04552165255314,-12.411719826333332,-2.631734728333331,485.2663008532138
mp-555302,CsFeF3,3.424699999999999,4.7962438313059135,-5.765303037666666,-2.741391856597701,510.4873134739285
mp-562726,CsGaS3,2.647199999999999,3.3267584966791,-13.117701489500002,-0.9870333631875012,596.6264354825277
mp-510283,CsGaSe3,1.8736,4.36484250813304,-16.834732557000002,-0.9375506284375,668.8176749754033
mp-1068340,CsGeBr3,0.7856000000000001,4.062130257958361,-3.535090979999998,-1.446721973931033,182.01469342992672
mp-570223,CsGeBr3,0.760699999999999,4.364165908542947,-3.518245507999998,-1.429876501931033,169.417801492696
mp-642739,CsGeBr3,1.4434,3.856061589736091,-3.53446659,-1.446097583931035,191.7415934285745
mp-22988,CsGeCl3,2.153499999999999,3.17893909205653,-3.925532609999999,-1.710205844931034,162.92527551742106
mp-28377,CsGeI3,0.9905,4.325382720624483,-3.090217248000002,-1.069608593931036,225.06811678964056
mp-642690,CsGeI3,1.1901,4.157331105019944,-3.081577474,-1.060968819931034,234.1660355486009
mp-1194175,CsHgBr3,1.9018,4.9889069774021,-2.570832108666669,-1.345134266097705,1144.7397653926714
mp-1197432,CsHgCl3,0.9505,4.329975585386732,-2.887638984,-1.5349833824310362,1349.4681188741995
mp-1546519,CsHgCl3,1.0764,4.6286611116441,-2.898498474222222,-1.545842872653258,1262.387517047571
mp-29845,CsHgCl3,2.0,4.4725877396285565,-2.905680173333336,-1.553024571764372,1469.7441149643837
mp-675010,CsHgCl3,2.0663,3.9985705270798,-2.826351826,-1.473696224431036,365.3283072294821
mp-561947,CsHgF3,0.7228,6.681526473864588,-3.638687946000002,-2.246846599431038,97.04743386104975
mp-28295,CsIO3,3.091199999999999,5.013695697484159,-4.827901016999999,-1.372726376931034,203.89247464229047
mp-1112338,CsInBr3,1.3782,4.235853401834922,-3.261870632,-1.546272448264368,382.1688493634601
mp-1112961,CsInCl3,1.7756999999999992,3.514490881619026,-14.87219121,-1.643319195499998,334.5962553225378
mp-1112960,CsInF3,3.060899999999999,4.895949052546788,-14.117611291,-2.704585844999999,206.7003705766098
mp-1112643,CsInI3,0.056499999999999,4.314785346466761,-2.797477308,-1.1496394762643671,483.70608328452926
mp-998430,CsInI3,1.4872,3.490349923099644,-2.801468136499997,-1.153630304764365,1195.919014503541
mp-29750,CsMgBr3,4.0445,3.9971059907955873,-3.463099323,-1.973241884931035,329.7912236044661
mp-23004,CsMgCl3,5.126099999999999,3.074264558735992,-3.930525773999998,-2.313710576931034,284.72980335970163
mp-8401,CsMgF3,6.7028,4.626006179218942,-11.158948238749996,-3.427780151749997,76.89070343345318
mp-23751,CsMgH3,2.6161,3.198211018130811,-2.862864977000001,-0.318075596681035,249.5850962832938
mp-571020,CsMgH3,2.9535,3.075033588209561,-2.865838065,-0.321048684681035,519.1655843728438
mp-29751,CsMgI3,3.1519999999999992,4.25942394432683,-2.910670538000002,-1.488573451931037,419.4199024170925
mp-23336,CsMnCl3,1.482899999999999,3.470400822528253,-13.551079429333331,-1.901258555729885,422.315546166055
mp-558702,CsMnF3,3.4556,4.830341796798406,-6.150157400333333,-2.987847402850575,505.0130043739792
mp-1196533,CsNO3,3.276399999999999,3.214571982593777,-6.210908775,-1.392881108931035,805.4727175306276
mp-22628,CsNO3,3.0919,3.73039503359668,-6.22821231777778,-1.410184651708814,173.52384983348455
mp-561851,CsNO3,3.2965,3.722431331775072,-6.232582091333334,-1.41455442526437,782.5278761941025
mp-2741979,CsNaF3,0.9959,3.926141320950016,-9.950414526,-2.340271042,360.16317123292214
mp-998609,CsNaF3,0.029499999999999,3.57761762083351,-4.001478365,-2.403227270206896,395.2494812826105
mp-1096944,CsNbO3,1.276199999999999,6.266184612052443,-7.751388582,-2.5807554569310343,72.55966476353424
mp-27556,CsNbO3,3.3517,4.7264709115834425,-8.002681928749999,-2.832048803681034,769.5758857758333
mp-22950,CsNiCl3,0.8049000000000001,3.70154110632652,-12.641281607,-1.5317842365,267.3322484164909
mp-505492,CsNiF3,5.1948,4.893373245908569,-11.851481175333332,-2.557830373333331,253.07704732558184
mp-557772,CsNiF3,5.3618,4.777049345902455,-11.858900367,-2.565249565,172.8264126890776
mp-611601,CsNiF3,4.3878,3.185768830920607,-11.764135747,-2.470484945000001,259.15260821120165
mp-1213226,CsPO3,5.422300000000001,3.793026488181845,-6.9074490815,-2.6739822593596063,371.02901781186864
mp-1213232,CsPO3,5.0865,3.546174496670516,-6.894313074000003,-2.660846251859609,396.8566391095077
mp-504838,CsPS3,1.9062,2.7388807315107133,-12.475561895,-0.833033696282736,315.3575746673914
mp-1183920,CsPaO3,2.972999999999999,7.86886217827183,-8.516854444,-3.457622890931035,86.93019019772653
mp-1014168,CsPbBr3,1.8177999999999992,4.741253582787796,-3.533178795499998,-1.626885946431032,406.1413352248064
mp-1120725,CsPbBr3,1.955,4.723945448529764,-3.531585397499998,-1.625292548431032,407.6294025266833
mp-567629,CsPbBr3,2.012099999999999,4.733981032983984,-3.5360780535,-1.629785204431034,813.5305348019324
mp-567681,CsPbBr3,2.8808,5.006763123039218,-3.5406624405,-1.634369591431033,769.2071757466882
mp-600089,CsPbBr3,1.7819,4.5739280629479495,-3.515589418500002,-1.6092965694310362,210.49949127443736
mp-1539667,CsPbCl3,2.7365,4.153748273575659,-3.920044919000005,-1.88679431093104,356.9651386649454
mp-23037,CsPbCl3,2.1878,4.046006564887253,-3.907230807000005,-1.8739801989310392,183.23540813354208
mp-675022,CsPbCl3,2.310499999999999,4.052396268077773,-3.906402005000006,-1.873151396931041,182.94648775297856
mp-675524,CsPbCl3,2.4130000000000003,4.156244523078858,-3.9200086340000073,-1.886758025931041,356.75074462602305
mp-20282,CsPbF3,3.337399999999999,5.99379934099832,-4.854054984999999,-2.781618631931033,220.02777346350848
mp-5811,CsPbF3,2.9083,5.846927310548791,-4.844948768,-2.7725124149310343,112.77738319130246
mp-1069538,CsPbI3,1.4785,4.844004143862671,-3.076709898,-1.238177400931034,247.0988555291859
mp-1120768,CsPbI3,1.6421,4.74650734914947,-3.085935925,-1.247403427931034,1008.697799944696
mp-540839,CsPbI3,2.5181,5.143480376565951,-3.101759242000002,-1.263226744931036,930.846658290349
mp-29882,CsPdCl3,1.4655,3.607237069947601,-14.5742416415,-1.268996981,636.5232181476741
mp-1068320,CsSO3,0.4314,2.953092585033321,-5.862468573999999,-1.884616914431034,119.75336236777552
mp-561681,CsSO3,5.111499999999999,3.511228283711384,-6.049899334500001,-2.072047674931036,402.87071972123016
mp-2014596,CsSeBr3,1.833,3.860075474665668,-16.725315327,-0.8859848233125001,388.5219371471383
mp-998413,CsSeBr3,1.2544,3.509476662930696,-2.97924072,-1.116294989399784,427.335510388855
mp-1147745,CsSiI3,0.8319999999999991,3.908883423111299,-3.117877412,-0.936810722931034,230.12230299940617
mp-570957,CsSiTe3,1.261299999999999,4.467287672887058,-22.607318027,-0.580539921999999,808.531875100832
mp-1247749,CsSnBr3,0.9682,4.167798818969302,-3.537762077500002,-1.572084271431037,783.0209314899195
mp-27214,CsSnBr3,0.5984,4.098297206597591,-3.526566938000002,-1.560889131931036,199.07497852024176
mp-1070375,CsSnCl3,0.9786999999999992,3.449496777011476,-15.217287146,-1.554896451500002,172.32384914406742
mp-27394,CsSnCl3,2.9154,3.35952776536324,-15.2399739675,-1.577583273000002,707.7549033566642
mp-1105915,CsSnF3,3.7852,4.243776148333527,-4.9109760295000005,-2.779154719431035,483.022706078646
mp-2758979,CsSnF3,4.1665,4.695827743492498,-14.522285647,-2.675741521,436.5237293895103
mp-998298,CsSnF3,3.099,4.352363781325891,-4.884500399999999,-2.752679089931034,117.74292902370954
mp-998457,CsSnF3,3.828,4.499163425834961,-4.897409128999999,-2.765587818931033,227.8023762583887
mp-27381,CsSnI3,2.0632,4.612588502664029,-3.0762044355,-1.178286981431034,910.5575123531858
mp-568570,CsSnI3,0.617499999999999,4.391869647363942,-3.068394612999998,-1.170477158931032,956.3187092803578
mp-614013,CsSnI3,0.449999999999999,4.226897498662958,-3.079453774,-1.181536319931034,248.41075007279017
mp-616378,CsSnI3,0.5537000000000001,4.401575249605301,-3.067609780000003,-1.169692325931038,477.1049992694422
mp-561710,CsSnS3,1.6557,3.584270415288076,-15.630819652,-0.8394699596875,322.2707978105111
mp-1542038,CsSnSe3,1.189599999999999,4.205213588085478,-4.047431396,-0.9688896639924572,385.7905263288533
mp-613162,CsSnSe3,1.0499,4.4774346365092335,-19.365456942,-0.8075934474375001,362.3350635303901
mp-1213104,CsSrBr3,4.5563,3.7107583693295023,-3.849744316000001,-2.347495262931036,823.8124854574991
mp-998297,CsSrBr3,4.1683,3.590472952255666,-3.828131660000002,-2.325882606931037,212.8528132518763
mp-998433,CsSrBr3,4.5637,3.848387714796636,-3.847444793000002,-2.345195739931037,397.1752980366084
mp-1080233,CsSrCl3,5.0049,2.9700097149226803,-14.267760536,-2.525474383499999,182.76182731550747
mp-1213084,CsSrCl3,5.3123000000000005,3.047691474319027,-14.282928492,-2.540642339499999,712.4138479474693
mp-1213642,CsSrCl3,4.970000000000001,2.973345157071009,-14.267950828,-2.525664675499999,182.55680856735304
mp-1213645,CsSrCl3,5.0045,3.046309149561142,-14.279975579,-2.5376894265,356.3685601129984
mp-998561,CsSrCl3,5.2868,3.015472686108846,-14.278666508,-2.5363803555,360.0128133440407
mp-8397,CsSrF3,6.1846,4.26417587672618,-13.565688438,-3.639248854000001,108.0710349506573
mp-1080232,CsSrI3,3.959,4.081941153877918,-3.325436341999997,-1.890947640931032,489.1695303322013
mp-998417,CsSrI3,3.6132,3.686616465386644,-3.293743324,-1.859254622931034,270.812173687388
mp-1185552,CsTaO3,1.862699999999999,8.442490841455836,-8.299755209999999,-2.7759975843977003,71.1719581712204
mp-1225870,CsTaS3,0.515099999999999,4.72183247853027,-6.47222654599999,-1.4348068958976912,288.4055194292077
mp-1225880,CsTaSe3,0.121299999999999,5.782469482037877,-24.495795923,-1.168802641904167,316.305763736236
mp-685607,CsTaSe3,0.0868,5.748247783542349,-24.502386345,-1.175393063904167,636.3777257598773
mp-9462,CsTeSe3,0.9842,4.54132880117545,-3.6579640715,-0.7501604921706181,727.4769215782544
mp-1112177,CsTlBr3,0.998499999999999,4.790548763118224,-3.080058070000001,-1.442000211597704,400.0094090948631
mp-1112176,CsTlCl3,1.2584,4.226998589288454,-3.443385904999999,-1.678370287597702,348.56620284002724
mp-1078203,CsTlF3,2.1858,5.994898166816377,-19.952638002,-2.419469716,218.42703685232237
mp-865424,CsUO3,0.4571,8.081229651506295,-8.625488812,-3.216834692931034,86.082677427204
mp-23038,CsVBr3,0.6528,4.312316786436811,-4.563302533000001,-1.582757883931035,326.19875647830327
mp-22977,CsVCl3,0.483499999999999,3.42958092661,-13.44505887,-1.913989785499998,281.0246095963259
mp-22991,CsVI3,0.597299999999999,4.596528051662015,-4.053066899000001,-1.140282601931036,407.9054999130535
mp-504651,CsVO3,3.1105,3.973431260935961,-7.3827109065,-2.415557575431035,387.56219181813697
mp-568005,CsYbBr3,4.3382,5.38261054456895,-22.088209028,-1.8053148135000008,168.33570037416135
mp-1070599,CsYbCl3,5.3324,4.786135497197036,-18.12536798,-2.106338284499998,143.0481126399387
mp-8398,CsYbF3,7.0604,6.550601898285458,-17.408355258,-3.205172131,92.00332376115546
mp-1206323,CsYbH3,2.9265,5.905051700043371,-14.659806688,-0.259172890249999,86.88417518260496
mp-1204253,Cu4Se3O10,0.1667,4.327366138782812,-5.563611039889706,-1.07160097147978,3997.2850327901415
mp-2763763,CuAgF3,0.2559,6.146563448001488,-9.880689703,-1.5645383039999992,246.82588963962436
mp-760595,CuCO3,0.0463,2.935653187015727,-6.970161019,-1.335346553,279.5531014730279
mp-1096939,CuGeI3,0.089499999999999,4.756537728580233,-2.695035615,-0.036181140999999,360.9060677265738
mp-1096949,CuGeI3,0.6691,5.086793920521218,-2.898231252,-0.239376777999999,168.73725911026125
mp-2896844,CuGeI3,0.323399999999999,4.440799481349404,-19.722044114,-0.043079134499998,193.28313908617943
mp-1181636,CuGeO3,0.204099999999999,4.946527001095461,-6.29691779,-1.583694281999999,247.32104725819556
mp-554624,CuGeO3,0.4475,4.747257339075154,-6.311836853124999,-1.598613345124999,1030.8101295727995
mp-1105578,CuNCl3,0.2599,2.215205715586089,-7.11834417025,0.568228502499999,551.4477693987346
mp-766856,CuPO3,0.9459999999999992,3.507226956343324,-6.77496752375,-1.903254881678571,539.814837280916
mp-772192,CuPO3,1.7481,3.591163567301569,-6.792651254750001,-1.920938612678572,527.1976932446773
mp-772255,CuPO3,2.0492,2.751226778649929,-6.853014276666667,-1.981301634595238,516.1115298012884
mp-1105187,CuPS3,1.1555,3.013374958658294,-9.0914456775,-0.301248878782739,420.37823665904114
mp-28741,CuSe3Br,1.029899999999999,4.8202027256662685,-3.780614000999999,-0.5358364734062491,524.0881839571858
mp-29450,CuSe3I,1.2273,4.877756662338042,-3.390994607,-0.168803863406249,872.8589664127392
mp-22688,CuSeO3,0.2102,4.964965888575642,-5.570611124250001,-1.08281089171875,509.7149483814589
mp-554440,CuSeO3,0.0215,4.71131232885462,-5.572037847750001,-1.08423761521875,537.1576229645312
mp-16053,CuSiO3,0.112,3.679809081971686,-7.123297562,-2.249616019,126.01771806237532
mp-4320,CuTeO3,0.001599999999999,5.337929310609811,-5.64658909225,-1.229309976583333,595.1495623765578
mp-558696,CuTeO3,0.0019,5.384916609662685,-5.656018842,-1.238739726333333,294.9782256150324
mp-754936,DyAlO3,5.165999999999999,7.607648740204467,-8.359551958,-3.717985083333332,103.67050239510856
mp-756630,DyAlO3,5.723000000000001,7.795573824413557,-8.38752288,-3.745956005333332,202.3427100318284
mp-984723,DyAlO3,2.9483,7.714647395547082,-8.25859651,-3.617029635333332,51.11631980728927
mp-10792,DyBO3,5.0542,7.315524466793525,-8.723935746666665,-3.495605683833332,602.8154083542863
mp-12315,DyBO3,5.3594,6.680369873198901,-8.7523384695,-3.524008406666664,220.0432487262976
mp-753318,DyBO3,4.514,6.097586218203746,-8.692332451,-3.464002388166665,120.53706474895904
mp-22137,DyCoO3,1.192399999999999,8.778717764311475,-7.927326137,-2.608191084333332,203.8572689897275
mp-19381,DyCrO3,2.4922,7.978148620394884,-9.043801588000004,-3.220740385333334,218.53793938887344
mp-1225651,DyCrS3,0.2275,5.297073140046453,-6.9037525545000005,-1.56702932733333,779.1694704678409
mp-1212890,DyCrSe3,0.1166,7.055572389190425,-6.3886903305,-1.436858844239582,424.9280463356147
mp-772188,DyErO3,3.0953,8.323213850342594,-8.752872202333332,-3.946876731666664,452.1911364300293
mp-22283,DyFeO3,0.9134,7.836562719084112,-8.436198846,-2.849742895333331,225.748611771436
mp-755612,DyGaO3,3.6351,8.202734054916514,-7.6296917765,-3.131620863333333,226.90885588842505
mp-769015,DyGaO3,2.8765,7.341507102811136,-7.653000484333334,-3.154929571166667,380.2910574408001
mp-1225852,DyGaSe3,0.019099999999999,6.14828798108952,-18.48677389175,-1.214921918187499,506.78423662336127
mp-768145,DyHoO3,3.0556,8.211602965658575,-8.738186537333332,-3.926198935666664,455.5118362027295
mp-1178360,DyInO3,2.622999999999999,8.143033596418817,-7.379810134,-2.935523676666665,265.3557805952959
mp-1183823,DyInO3,1.5367000000000002,7.714620905876316,-6.745079848,-2.300793390666665,70.02291696360375
mp-768149,DyInO3,1.987099999999999,7.713574371670154,-7.439521238000001,-2.9952347806666677,420.1945036650193
mp-756469,DyLuO3,4.967,9.428597670172415,-8.785891342,-3.989102142666665,271.54834506925243
mp-1232163,DyMgS3,0.209899999999999,3.615581095966412,-5.279874477,-1.5476667408333311,259.9485633842165
mp-1188804,DyMnO3,1.0173,6.641157921993781,-8.4585087345,-2.73365396741954,265.476147196803
mp-22103,DyMnO3,0.413399999999999,7.51659738148573,-8.7599994545,-3.03514468741954,234.55679858536567
mp-1212884,DyRhO3,0.8883000000000001,9.15095799998858,-7.9469165409999984,-2.581603258333331,227.48179478810232
mp-1225550,DySbTe3,0.8479000000000001,6.43683017973294,-4.626130252,-0.9906713623333312,172.08457561205267
mp-31120,DyScO3,4.459799999999999,6.776053476754478,-9.1200012305,-3.961055700833332,250.40624850722796
mp-1184176,DyScS3,1.773699999999999,4.741368135176336,-15.772778999,-2.276298546687499,425.3828748237168
mp-769393,DySeO3,1.8154,6.216564189531994,-7.1167769105,-2.525142906302083,618.5495841025352
mp-752435,DyTmO3,4.8481000000000005,9.08536531580044,-8.748449256499999,-3.959497251833333,277.3965902475892
mp-22789,DyVO3,1.6567999999999992,7.735287972077501,-9.005861853999999,-3.296628931333332,224.4936902037986
mp-768333,DyYO3,3.0318,6.477198017239404,-9.077124425333333,-3.882854416666666,460.54369843257217
mp-1184150,ErAlO3,3.0097,7.9705295534887615,-8.226557721999999,-3.595122190999999,50.46677089518335
mp-754184,ErAlO3,3.560399999999999,6.833301217588388,-8.326985139,-3.695549607999999,117.7313500695251
mp-756458,ErAlO3,6.0359,8.069583178361684,-8.394795851499998,-3.763360320499997,199.38917785385337
mp-10791,ErBO3,5.161799999999999,7.363473545399187,-8.723252135333333,-3.505053416166665,611.7684685111603
mp-1194043,ErBO3,5.6534,7.094939422246892,-8.785447342,-3.567248622833331,317.461550106139
mp-760405,ErBO3,4.563000000000001,6.405482703178708,-8.692274711,-3.474075991833333,117.21055077696268
mp-754636,ErBiO3,2.47,8.999615342539997,-7.458220703,-2.797893476000001,156.5540484804322
mp-754943,ErBiO3,3.1136,8.925716189586977,-7.478872331,-2.818545103999999,157.85021467352348
mp-562779,ErCoO3,1.4471,9.040484271457936,-7.962130946499943,-2.653127237499942,201.45109439388895
mp-19063,ErCrO3,0.2571,8.25931696741174,-9.049514932,-3.236585073,214.9255426707957
mp-19935,ErFeO3,1.5703,8.111015951090808,-8.4404627115,-2.8641381045000003,222.00710582040696
mp-1184164,ErGaO3,2.9153,8.748926586965672,-7.303556287999998,-2.815616718499998,54.08900744606717
mp-1213082,ErGaO3,3.663099999999999,8.464254915929127,-7.63556537,-3.1476258005,223.6325630585219
mp-1213088,ErGaO3,2.9001,7.884501906865194,-7.672729524666667,-3.184789955166667,360.1146356972316
mp-754208,ErInO3,2.882299999999999,8.31501488044752,-7.379971363,-2.945816249333332,263.6689277873229
mp-772217,ErInO3,1.9651,7.986693005599136,-7.444365362666669,-3.010210249000002,411.7619876949493
mp-778151,ErLuO3,4.524999999999999,9.657491079156204,-8.78571314,-3.999055284333333,268.38545271091147
mp-19319,ErMnO3,1.0455,8.192693324289696,-8.762813469,-3.048090045586206,219.05849135196715
mp-1189736,ErNiO3,0.3404,8.507100699687618,-7.554328853999999,-2.515981152999998,213.8945756855631
mp-1213022,ErRhO3,0.9642,9.458659049049958,-7.951800668999999,-2.596618729999998,223.42346421208663
mp-1212985,ErScO3,4.4171,7.016210424971044,-9.1208385155,-3.972024329499999,246.3404099624588
mp-1190244,ErScS3,1.7554999999999992,4.848556838459342,-16.136859364750002,-2.251652524104167,422.4982603816597
mp-2763526,ErScS3,1.58,4.879937870463543,-16.141582685,-2.256375844354167,419.7813341045847
mp-19205,ErVO3,1.5838,8.018613803040648,-9.0096174565,-3.3105158775,220.50361904722976
mp-554518,EuCO3,0.429299999999999,5.509426855134597,-9.494560945,-2.6219654300000013,255.5541915816184
mp-753781,EuHfO3,0.479599999999999,9.133639660900895,-10.737502918,-3.719666126000001,68.80440725408809
mp-1190059,EuHfS3,0.1287,6.284678757042116,-23.6405126545,-2.0856306971875,450.9171333105742
mp-20217,EuPS3,0.8440000000000001,3.961132607857609,-15.6136774785,-1.288663336782738,468.058913402196
mp-20742,EuPSe3,0.493299999999999,5.250249069475029,-19.1985621025,-1.107034158532738,531.1167416469148
mp-755177,EuSeO3,0.086599999999999,6.238942248256981,-7.976394935,-2.250813653468751,148.47427375094398
mp-1106293,EuZrO3,0.186599999999999,7.053166080151789,-10.376129998500002,-3.640190886500001,274.21787904044083
mp-1178354,EuZrO3,0.466299999999999,6.603493935872536,-10.29173704925,-3.55579793725,585.7820910571171
mp-771055,EuZrO3,0.3877,6.538823412138973,-10.282810812,-3.546871699999999,73.94695196343135
mp-1189927,EuZrS3,0.145299999999999,4.965501930606425,-8.331561390000001,-2.081960253500001,453.9792656740195
mp-1365499,Fe14Ni11O32,0.0391,5.19680966080532,-7.037435183684211,-1.063811454210526,619.7096119655303
mp-1201589,Fe3Se3O10,1.1118,3.874473215047361,-6.6366723175,-1.300584310439453,483.7938692675581
mp-28519,Fe4As5O13,1.717499999999999,4.537781580200644,-7.180171403636362,-1.654980923295453,589.8748475888096
mp-652804,Fe4As5O13,1.136699999999999,4.318017146970686,-7.169244159772728,-1.64405367943182,619.8963845917157
mp-754651,Fe7(Ni3O8)2,0.932999999999999,5.437704906913814,-7.376478270689654,-1.406190524827585,305.0897059335913
mp-1212736,Fe7(SiO3)8,0.341799999999999,3.524687674544401,-8.27206866128205,-2.594023614358973,470.9209529852273
mp-1199904,FeBO3,1.517599999999999,3.787766300929518,-8.17708015475,-2.178420955583333,402.110928972674
mp-1274711,FeBO3,0.6726999999999991,3.224428721596601,-8.1665428,-2.167883600833333,236.1817173685237
mp-19097,FeBO3,1.481599999999999,4.222110400646406,-8.269021531000002,-2.270362331833334,90.18607292723622
mp-849295,FeBO3,0.512999999999999,3.239089326568591,-8.1663691055,-2.167709906333333,235.1127234289172
mp-1069079,FeBiO3,1.3463,7.5640409481152755,-7.088385497,-1.64759779,137.34875639029534
mp-1181394,FeBiO3,0.1276,8.436434664738288,-6.8585577465,-1.4177700395,246.2916288206997
mp-1181670,FeBiO3,0.7019000000000001,2.006079857382676,-5.417101346000001,0.023686360999999,517.8814859665492
mp-1181856,FeBiO3,1.4146,4.757187853758023,-6.699512562000001,-1.258724855000001,109.19388191578322
mp-1193035,FeBiO3,1.6433,8.216757680391034,-7.058785729999999,-1.6179980230000002,379.3144417492893
mp-22949,FeBiO3,1.7783,7.773373896524185,-7.08161758,-1.640829873,133.6500252449514
mp-23501,FeBiO3,1.279099999999999,8.287008783415024,-7.113564488,-1.672776781,125.36629858388716
mp-551451,FeBiO3,1.6259,3.935109620597321,-6.677269874000001,-1.236482167000001,132.00542267882287
mp-645159,FeBiO3,1.541999999999999,8.636020314780833,-7.103591225,-1.6628035179999991,240.5996233544685
mp-654759,FeBiO3,1.1601,4.354910310918767,-6.52657535,-1.085787643,119.2804837913782
mp-655631,FeBiO3,1.7789,4.044418207321099,-6.6749197460000005,-1.234132039,128.43770899214786
mp-675126,FeCO3,1.4102,3.367376832783398,-6.780641645,-0.271664271,114.26100286432916
mp-22334,FeGeO3,1.9617,5.191813043777707,-7.504117007,-1.9167305910000008,225.78413030477276
mp-1096837,FeGeS3,0.035699999999999,4.216198449583818,-5.6429623740000014,-0.5419139334999991,353.9585927417773
mp-768499,FeNiO3,0.384199999999999,5.296360279461146,-7.094728297,-1.275920116,101.91843447621244
mp-1232490,FePS3,0.428399999999999,2.903742689389936,-5.8158386865,-0.55630111192857,418.6342028677243
mp-2931287,FePS3,0.5072,2.712103146574706,-5.8166027455,-0.557065170928569,448.2152559872241
mp-5864,FePS3,0.205999999999999,2.940984399771395,-5.810363875,-0.5508263004285701,413.33303440855656
mp-2928,FePSe3,0.0015,5.144585784772708,-5.289859963,-0.41521412933482,208.9631556740785
mp-540655,FeSO3,2.7701,3.517355212430613,-7.138344802666667,-1.6480844151666671,384.9725636587033
mp-1199561,FeSiO3,0.7031000000000001,3.826685495614563,-8.32495068225,-2.5771062312499997,457.98957997841615
mp-18269,FeSiO3,1.452199999999999,3.760758103493171,-8.322428204000001,-2.574583753,233.00914797180516
mp-21939,FeSiO3,2.7758000000000003,3.786144146165661,-8.325332232125,-2.577487781124999,925.787299789366
mp-2767577,FeSiO3,0.252799999999999,3.970992446960131,-10.5515721445,-2.330621306749999,220.6730567049612
mp-561362,FeSiO3,2.9807,3.805390637696693,-8.256560125,-2.5087156740000003,230.27623832947737
mp-650392,FeSiO3,2.7187,3.772973167573349,-8.317575560777778,-2.569731109777778,1045.1464962152727
mp-1178212,FeSnO3,0.8620000000000001,6.264690592443936,-7.323507478000002,-1.858812262000002,235.9626720863631
mp-1178214,FeSnO3,0.986399999999999,6.323950878236458,-7.288322943500001,-1.8236277275,233.75152028372537
mp-758262,Ga13Fe11O32,0.2103,5.602235641966692,-7.162211451607143,-1.9681001344196432,602.4980259324497
mp-767269,Ga7(Fe3O8)3,2.0707,5.208514087840959,-7.317388702,-1.912940522812499,438.25602585830944
mp-14216,Ga8(Pb3O7)3,2.6544,7.161863124720328,-6.161281746710526,-1.910077196315788,2558.3932549028336
mp-1078259,GaBO3,3.8638999999999992,4.967413209102039,-7.440028688000001,-2.529754526333334,85.93315290339086
mp-22979,GaBiO3,1.2244,9.484632097654773,-6.090197467999997,-1.737794798499997,57.19787170815708
mp-558285,GaBiO3,1.8794,7.803341920061429,-6.315899490499999,-1.9634968209999992,278.0863765695177
mp-755568,GaBiO3,3.0525,8.67655615847845,-6.266792587999999,-1.9143899185,125.04979164817884
mp-649086,GaFeO3,0.1724,5.279594518392152,-7.22065485375,-1.952254804249999,436.720592442893
mp-868005,GaFeO3,2.1227,5.286571144947953,-7.2197755185,-1.951375469,436.1442573479584
mp-1246681,GaMoN3,1.0894,4.003383937120838,-7.955962789499999,-0.178246915999999,344.5743964997929
mp-1200768,Gd4Mo4O11,0.4432,7.747352037193649,-10.77687640776316,-2.66557848907895,1019.1722032389354
mp-1178268,GdAlO3,1.8884999999999992,7.399130733331266,-10.146833046,-3.613716829,52.11781860191401
mp-5223,GdAlO3,3.2382,7.448380870596259,-10.2235662665,-3.6904500495,207.0928219548664
mp-753953,GdAsO3,2.1719,6.176031602613676,-9.474184692,-2.756159134500001,301.315102069506
mp-1194303,GdBO3,3.1001,6.332712922461124,-10.61890975333333,-3.499030348166664,339.92516006133087
mp-1224628,GdBO3,0.1743,5.844997803838378,-10.533528722333331,-3.413649317166664,122.7630032855572
mp-29762,GdBO3,2.094999999999999,6.199244282892027,-10.39948872,-3.279609314833333,173.62184449890864
mp-561949,GdBO3,2.2691,4.557674388341321,-10.475372913,-3.355493507833333,157.43763671055578
mp-1147577,GdCrO3,0.7847000000000001,7.359997181461667,-10.653252972,-2.938642427,58.03863768944233
mp-18331,GdCrO3,2.6309,7.60771859687336,-10.8879147045,-3.173304159499999,224.59516837845575
mp-1184486,GdErO3,0.3657,8.10838010579864,-9.93883887,-3.241294056999999,76.28684769568456
mp-766236,GdErO3,3.2641,8.247946859547477,-10.66889429325,-3.971349480249999,599.9677434621269
mp-18656,GdGaO3,3.3962,7.85192888029128,-9.467354193,-3.0777339375,232.60547911276728
mp-1212640,GdInO3,1.7714,7.355497910311508,-9.283875620666668,-2.948039821,433.53891373129386
mp-1212778,GdInO3,2.521299999999999,7.783289466450447,-9.2316398285,-2.895804028833333,273.14026095991534
mp-756424,GdLuO3,3.1346,9.08251061281044,-10.642339261,-3.954000719333332,278.05624247754866
mp-510575,GdMnO3,0.404099999999999,7.5469574291453725,-10.598357226999925,-2.98195311758613,228.9926389386748
mp-5690,GdScO3,3.1418,6.603534803754681,-10.970822516499998,-3.920327644499998,251.66745686793627
mp-510490,GdScS3,1.1773999999999991,4.588943873902729,-18.042306378,-2.262785510687499,431.9132118420603
mp-756030,GdTmO3,3.159,8.807292061290385,-10.605396298,-3.924894951000001,282.1954832498212
mp-1181737,Ge3Pb3O10,0.6684999999999991,6.145960106819696,-6.1759426328125,-1.5205279562499991,540.1050497454274
mp-1201507,Ge3Pb3O10,2.751899999999999,6.151648535511515,-6.17581579,-1.520401113437499,539.6056146681742
mp-28369,GeH3Cl,4.7492,2.171531544639755,-3.735963525,-0.404549530749999,169.9388811751938
mp-1188940,GeNCl3,1.1093,1.814789258143425,-7.894998092000002,0.396610896749997,706.4037953461383
mp-1224374,GeNCl3,0.4271,1.185020551667622,-7.794300983500001,0.497308005249998,270.4539634147818
mp-553898,GePbO3,2.9339,6.780851276832049,-6.552029497333334,-1.916117909333333,963.397868023716
mp-554699,GePbO3,2.7131,6.355755299726998,-6.565139740999998,-1.929228152999997,513.9167066238759
mp-624190,GePbS3,1.757899999999999,4.825704315060559,-4.882144105500001,-0.7325704929999991,517.5790037198703
mp-541785,GePdS3,1.3441,4.007212268784747,-5.094248789000001,-0.6512282284999991,228.1245165560433
mp-625509,H3BrO,4.4183,2.432062285960742,-4.383925334,-1.02984396275,67.5445339160958
mp-625521,H3BrO,4.417,2.329276515930034,-4.383592362,-1.02951099075,70.52512333192955
mp-1078197,H3CBr,4.5531,2.002548656489085,-4.488575583,-0.27788988375,157.44848033962828
mp-1078233,H3CCl,5.572100000000001,1.316495231333453,-4.625037816000001,-0.37203286375,127.36316446939564
mp-1096983,H3CI,4.289499999999999,0.063552436689304,-4.336038568,-0.147939652749999,3708.673502497096
mp-1181198,H3CI,3.3729,2.661253400696346,-4.359877885,-0.171778969749999,354.2619998637851
mp-554676,H3CS,3.715799999999999,1.19702705446777,-5.814028665776787,-0.144706741589286,522.6989160266388
mp-559204,H3CS,3.5897,1.138740772456515,-5.815225300776787,-0.145903376589286,549.4531845690603
mp-1200055,H3CSe,2.5842,1.877315582570225,-7.110495619281252,-0.185669094343751,665.1266263613468
mp-2802611,H3ClO,5.5012,1.311451608875532,-4.543942884000001,-1.14754225975,68.97691918243432
mp-34078,H3ClO,5.3864,1.512945635253001,-4.538108738,-1.141708113749999,59.790576428712185
mp-1181751,H3NCl,0.8704000000000001,1.009973383297166,-4.42036639375,-0.345902421499999,690.322630310663
mp-1200750,H3NCl,5.1807,1.408089747806882,-4.724293007,-0.6498290347499991,495.1442076667122
mp-760361,H3NCl,2.7143,1.102356468050642,-4.5727806532500015,-0.498316681,632.4700790610585
mp-626534,H3NO,3.7763,1.3973823074975371,-5.208242629,-0.5138950157499991,157.00062103947695
mp-626542,H3NO,0.2875,0.939249512861616,-4.769664722500001,-0.07531710925,233.57998817404152
mp-626543,H3NO,2.4233,0.9324877662508052,-5.369988580499999,-0.675640967249999,235.2737462591897
mp-27714,H3OF,6.7458,1.6837907986668772,-4.945832638000001,-1.536370098750001,149.98630649159605
mp-23963,HIO3,3.1022,4.335262986437991,-4.849783467,-0.897171053249999,269.5166969553945
mp-556216,HIO3,3.0606,4.283620432451907,-4.84801393575,-0.8954015220000001,545.531883117361
mp-1199435,HNO3,3.8973999999999993,1.9864496957165951,-6.202908836124999,-0.887443396375,421.3961537077176
mp-1224772,HNO3,3.8657,1.984190555439806,-6.20577780125,-0.8903123615,843.7518856381166
mp-27669,HS3N,3.1338,1.6472847443924792,-4.85490053925,-0.025773074999999,896.8356087271806
mp-696216,HS3N,2.8733,1.751764833493958,-4.855782356,-0.026654891749998,843.345857981183
mp-706654,HS3N,2.9526,1.801438897495971,-4.856177876375,-0.027050412124999,1640.181766406574
mp-1184563,HfBeO3,1.0495,9.620466885977176,-8.59511636,-2.887019377999999,40.64850377274624
mp-753534,HfCoO3,2.5156,8.2492444494734,-9.212655324,-2.825757570999999,229.8166236890823
mp-756322,HfCrO3,1.7873,7.555903212417212,-9.9942832415,-3.103459338499999,244.80676715117255
mp-753790,HfFeO3,2.3645,7.956121570460496,-9.5625204465,-2.9083017955,235.705452334387
mp-753856,HfFeO3,2.9099,7.960036505344464,-9.596060445,-2.941841794000001,235.5895267984845
mp-1016825,HfMgO3,1.1738,6.165888288342769,-8.324014238,-3.037705825999999,67.541266847953
mp-754657,HfMnO3,3.3253,7.793032028641508,-9.964329765,-3.171712297586205,239.8651885281712
mp-1178219,HfNiO3,2.7983,8.759271576214951,-8.918519201,-2.802277456,216.2532277964268
mp-1181854,HfPbO3,2.3889,9.366655865348129,-8.424724201,-2.721980377999998,615.0807367548509
mp-22535,HfPbO3,2.414899999999999,10.036049633632498,-8.66198264,-2.959238816999998,71.75693874710115
mp-22734,HfPbO3,2.7161,10.338823292347769,-8.69323866225,-2.990494839249998,557.2442267053383
mp-669414,HfPbO3,2.779499999999999,9.909159441648258,-8.689749293750001,-2.98700547075,581.4064880592096
mp-755790,HfPbO3,2.756199999999999,10.465168281170348,-8.687786885,-2.985043061999999,275.25833487806926
mp-22147,HfPbS3,1.4517,6.637224694019498,-6.672001060499997,-1.4555952129999952,482.24304886321227
mp-776083,HfSnO3,2.3676,6.592594463634103,-8.757209739,-2.995080958999999,173.89666541206324
mp-8725,HfSnS3,1.1981,5.305913745266324,-20.087042453,-1.287100282687501,492.4676860327046
mp-558934,Hg3ClO,1.2708,8.72046839214266,-2.141595923333333,-0.596491939833337,1492.628054734609
mp-542115,Hg3Se3O10,1.8688999999999991,6.884979037070284,-4.823444189375,-1.017421652158204,481.7116702017816
mp-729568,Hg4N3O10,0.0114,5.295318145916155,-5.129608093970589,-0.6747180095588261,1259.831711390149
mp-1182701,Hg8Br3O4,0.4504,6.160418226702682,-2.0315005375,-0.219496542500003,2057.6667297811086
mp-1205446,Hg8Br3O4,0.6139,9.092517929158811,-2.431586908166665,-0.619582913166669,1394.1229179182892
mp-651839,Hg8Br3O4,0.2505,7.092981791254035,-2.315114970166667,-0.50311097516667,1787.1309978905388
mp-30284,HgAsO3,1.235099999999999,6.807764840336567,-5.326915276999998,-1.362179759999999,157.81998171998964
mp-27994,HgBrO3,3.2015,6.226071102207161,-3.753169432499999,-0.395069115,350.4451666027446
mp-30937,HgClO3,3.066099999999999,4.831028274839969,-3.862650930249999,-0.462231359750001,781.0536097755594
mp-1224643,HgI3N,1.6452,3.402095706830949,-2.350400423,0.293597102499998,1162.2667668191662
mp-542289,HgNO3,2.568699999999999,5.7012030826059785,-5.445975904999999,-0.7476093455,611.8695774515091
mp-27178,HgPS3,1.7549,4.60007093169168,-4.112753571000002,-0.485285830928573,236.62949411143137
mp-7293,HgPSe3,1.2066,5.797420480202423,-20.442503977,-0.181591271532738,536.7001893082713
mp-1200893,HgSN3,0.8006000000000001,4.092285026607418,-4.530755635499999,1.361624961499998,891.6460729528106
mp-10798,HgSeO3,2.2784,6.87956580026965,-4.773510801500004,-1.043617495468755,316.2447154866612
mp-557224,HgSeO3,2.6045,6.80793474316211,-4.777671851000003,-1.047778544968753,319.5721479797144
mp-9228,HgSeO3,2.5571,7.133045455889164,-4.778405937000002,-1.048512630968753,305.0066542589892
mp-28318,HgTeO3,2.2362,7.92879504664172,-4.828632827499999,-1.169260638333333,315.1425652040373
mp-14801,Ho4Mo4O11,0.4952,8.224887725363795,-8.83791943986842,-2.7220831580263143,984.808748513326
mp-4891,HoAlO3,5.8359000000000005,7.928877859584824,-8.389978277500001,-3.752550615499999,200.9767494622274
mp-1184546,HoBO3,2.6416,8.870328944168055,-7.910179908000001,-2.685989057833333,41.8843783630594
mp-752713,HoBO3,5.4365,6.926331102417453,-8.781244773000001,-3.557053922833332,321.8398383288317
mp-753056,HoBO3,4.5465,6.269566790805142,-8.692011009,-3.467820158833331,118.51798572341876
mp-754409,HoBO3,5.089799999999999,6.19441525958512,-8.75474245,-3.530551599833332,119.955862864517
mp-780393,HoBO3,5.046100000000001,7.190554227179876,-8.722134835333332,-3.497943985166665,620.0271110640851
mp-850193,HoBO3,5.367,6.634932318378414,-8.748231233999999,-3.524040383833331,223.983121981949
mp-1178162,HoBiO3,3.1343,8.887519482142379,-7.469307687,-2.802988328999999,157.65844353190255
mp-754300,HoBiO3,2.4719,8.916443593387505,-7.4512824800000015,-2.784963121999999,157.1470142482774
mp-770830,HoBiO3,2.9128,9.240936565995318,-7.4651025475,-2.798783189499999,303.2576792205497
mp-1223843,HoBiTe3,1.0659,7.099457794442885,-34.471778266249984,-0.9447201482499852,176.99206743063942
mp-1188609,HoCoO3,0.162,6.730410091104782,-7.5257848255,-2.210788985499999,268.29687484690714
mp-756834,HoCrO3,2.4964,8.113944214971221,-9.0456503135,-3.2267283235,216.86995599622568
mp-1184778,HoErO3,1.4474,8.244907443646573,-7.93530163,-3.133445371999998,76.57044471496806
mp-770415,HoErO3,3.0794,8.481566106297969,-8.751239186666668,-3.949382928666665,446.6035317168509
mp-19785,HoFeO3,1.5675,7.972035381205202,-8.4373758575,-2.855059119499998,223.93725501008691
mp-755416,HoGaO3,3.6066,8.321581015458298,-7.631604461499999,-3.137672760999999,225.6080378581869
mp-769045,HoGaO3,2.883999999999999,7.728073081612192,-7.662299399333334,-3.1683676988333342,364.4017489772161
mp-768267,HoInO3,1.978,7.849682515235157,-7.441156516666666,-3.001009271999999,415.9933087835674
mp-776984,HoInO3,2.9036,8.210465327551114,-7.3792483065,-2.9391010618333318,265.1425363558653
mp-770472,HoLuO3,4.9114,9.564684279486546,-8.7859126255,-3.993262638833333,269.3724731094624
mp-1181443,HoMnO3,1.0638,6.747421477720456,-8.4773038505,-2.756588296086206,263.68763077104825
mp-1193069,HoMnO3,0.4942,6.973972823492783,-8.473091854,-2.752376299586205,382.6825028512317
mp-22081,HoMnO3,0.4351,7.647609381155825,-8.760399524,-3.039683969586206,232.6493802962633
mp-2899517,HoMnO3,0.376599999999999,7.237283256019215,-8.789214622000001,-3.068499067586207,368.7595580414855
mp-1212108,HoRhO3,0.9605999999999992,9.304718979809335,-7.948614021999998,-2.587439951999997,225.4575253306886
mp-31121,HoScO3,4.476,6.889822697987972,-9.11987672,-3.965070402999999,248.61433611579344
mp-1189393,HoScS3,1.7663000000000002,4.785214720806305,-15.937510601583332,-2.261122011270831,424.8585469564187
mp-2755772,HoScS3,1.593,4.812217016355845,-15.9430629795,-2.266674389187497,422.4745821408933
mp-1178178,HoTmO3,4.4948,9.235915198087328,-8.747621375,-3.962808583,274.6226952689403
mp-754661,INO3,1.9762,3.218138415931831,-5.5279650055000005,-0.5867303305,389.9041599687847
mp-559377,IOF3,3.637,4.34973787356924,-4.089713605999999,-1.647007456999999,305.2507904627409
mp-1224757,In4Bi3S10,1.0139,5.761206118011645,-20.95378362965687,-0.5913392163112791,1621.987658214985
mp-1224536,In6Sn8S19,0.5061,4.83607487212094,-15.308686530568172,-0.5787556264299171,771.8238457844676
mp-7027,InBO3,2.6556,5.473290410538121,-7.315081527000001,-2.458591821166667,105.35335310154868
mp-545379,InBiO3,0.045199999999999,8.497249279925953,-5.620489452,-1.321871238333334,72.65678089350268
mp-556892,InBiO3,2.7352,8.484176543805171,-6.087572438,-1.7889542243333332,291.07493270155646
mp-561102,InBiO3,2.388399999999999,8.697008401781114,-6.0765920465,-1.7779738328333332,283.9517915160877
mp-1078776,InBiS3,1.379999999999999,5.47063466457686,-21.600602936,-0.5640077746874991,254.96692474459127
mp-1223842,InBiSe3,0.823399999999999,6.346121737459678,-25.33811327033333,-0.535004306770835,146.7082456838383
mp-21094,InFeO3,1.2138,5.877028897425036,-7.017711596000001,-1.803096002333333,123.56429457364852
mp-8098,InGaO3,1.341999999999999,6.666407292106624,-6.255757647,-2.129527090833333,115.84663498527046
mp-1224212,InGaS3,0.045199999999999,3.826015386515799,-12.328823312266666,-0.7041277099541661,609.2148727942556
mp-19885,InGaS3,1.6761,3.968148565783092,-12.387655243666668,-0.762959641354167,234.95748088707
mp-504951,InGaS3,2.0936999999999992,3.892238095678459,-12.404833678,-0.7801380756875,718.6195971699804
mp-504952,InGaSe3,1.3166,5.122929557129563,-16.09676530133333,-0.7055558967708331,819.5928046815503
mp-2764220,InGeCl3,3.8804,3.147679736673026,-11.836043687,-0.854466756499999,310.00269897019285
mp-998233,InGeCl3,2.2217,2.814671219401957,-11.888664006499996,-0.907087075999996,173.3398215635561
mp-998569,InGeCl3,3.2685,2.844327916870299,-11.8986073515,-0.917030420999998,343.0649497460598
mp-675295,InPF3,1.2253,2.718575941579155,-9.76263630407143,-1.570886195666668,123.86473498463428
mp-2763667,InPbCl3,3.9976,3.866281760769522,-20.56873193,-1.104523693499999,183.9847139312805
mp-998512,InPbCl3,2.532199999999999,4.622519918076801,-20.587462945,-1.123254708499996,307.7701151491672
mp-998535,InPbCl3,2.9011,3.725507596321793,-20.59558328675,-1.131375050249997,190.93686574017812
mp-1105819,InRhO3,0.322199999999999,7.640177340224572,-6.4651187425,-1.471645816833333,231.0110061819039
mp-1203220,InRhO3,1.0391,7.681880256535902,-6.498414126750001,-1.5049412010833332,459.51381584522665
mp-21365,InSbS3,1.476099999999999,4.505408610764415,-14.999579464000002,-0.522175905687501,490.59485125450334
mp-1212011,InSbSe3,1.102,5.459042909196263,-18.722329686583336,-0.478412326020836,576.0683830272766
mp-567931,InSiTe3,0.4816,5.309731157302806,-21.827001367,-0.306195786,328.8118261873687
mp-1224379,InSnBr3,1.5767,4.942728266965806,-3.35072066075,-1.014803620083333,1271.902423816932
mp-2047381,InSnBr3,3.0267,4.169535147215107,-18.204959757,-0.7846770675000011,376.94058456499806
mp-2762335,InSnBr3,1.7073,3.700596253034593,-18.178993528,-0.7587108385000021,212.3532139539347
mp-685272,InSnBr3,2.0441,4.745273500804596,-3.370163891374999,-1.034246850708332,2649.6546772093625
mp-998398,InSnBr3,1.0975,3.732407260665499,-3.383548804,-1.047631763333333,210.5433445485441
mp-998555,InSnBr3,1.7551,4.00386388952432,-3.393821434,-1.057904393333333,392.5375734843699
mp-1224255,InSnCl3,1.8707999999999991,4.044113454958426,-3.7178246429999993,-1.254949843333332,1116.478354062945
mp-2040113,InSnCl3,3.364099999999999,3.47245552242194,-14.148777862,-0.992359691499999,325.0700480309242
mp-998560,InSnCl3,2.078799999999999,3.04198558387436,-3.745110082,-1.282235282333333,185.53527824765155
mp-998567,InSnCl3,3.0433,3.056734997726825,-3.765207208999999,-1.302332409333332,369.2800600308455
mp-1224086,K3(FeO2)4,0.0769,2.524805409853607,-6.681239581333333,-1.557380778116666,308.2396003113969
mp-1211803,K3Au3Br8,0.813399999999999,5.021260681896885,-3.051572203214284,-1.172191671196426,891.1923367637386
mp-1211892,K3Au3I8,1.0602,4.927706250464151,-2.7165990878571438,-0.901752224410714,1161.5235598504737
mp-9200,K3AuO,0.5612,3.845922408760981,-3.202910127999999,-0.8797196933499991,142.59546003697025
mp-1181183,K3B3O10,0.638699999999999,2.085114065911988,-6.2242194778125,-1.6672260696406251,493.3114433781649
mp-1203343,K3B3O10,0.337499999999999,1.970430608376347,-6.1255835465625,-1.568590138390624,1044.046539970003
mp-28166,K3BrO,0.8913000000000001,2.532004578426728,-3.560015648000001,-1.56421230635,139.8196942845503
mp-1070737,K3CO,0.2972,1.6856214686073812,-3.312135065999999,0.202475497649999,143.1428310364701
mp-1223812,K3ClO,0.9897,2.06056159970862,-3.659546362,-1.62142376735,135.987919057064
mp-572291,K3ClO,1.0785,2.092230640911296,-3.6771526304999993,-1.639030035849999,535.7181537332247
mp-673798,K3ClO,1.0264,2.097828318215231,-3.670071289,-1.63194869435,267.1443431287701
mp-28171,K3IO,1.0284,2.911695034511509,-3.419062857999999,-1.445846300349999,148.3913038780024
mp-1003764,K3Mn4O8,0.487499999999999,3.962975631267257,-7.263995125833346,-1.955604567398289,779.4353994690597
mp-676864,K3Nd3I10,0.084399999999999,4.593995564162989,-3.6246356512499993,-1.5659683002656242,1315.033700542337
mp-1211900,K3SI,1.0356,1.975301449046469,-3.041001119,-1.2298972198499991,1393.4514531422635
mp-2912506,K3SI,1.3709,1.939071695053951,-11.411603033666667,-1.282100471979166,1419.486799579754
mp-18761,K3V3O8,1.8564,3.25458775777374,-7.445385196785716,-2.428991238339287,406.2479770009577
mp-30280,K4(TiTe3)3,0.121099999999999,4.284751182384461,-4.60475476171875,-1.073398012906249,2245.278711001751
mp-974482,K4Hf5O12,3.273999999999999,6.9320281001115545,-8.822401693809516,-3.408737117571421,297.2372043919613
mp-4971,K4Sn3Se8,1.503,3.942709552027766,-4.006089192,-1.037990106849999,963.8012075992518
mp-27377,K4Zr5O12,3.19,4.336064429583802,-8.340822922857143,-3.262750822809523,308.0935867095332
mp-1224740,K7Fe5O16,0.044699999999999,2.27188006002118,-5.987862327857143,-1.365109821098214,591.2353765924379
mp-1105278,KAsO3,3.3848000000000003,3.064430944575242,-6.057301455249997,-1.9282264011999968,351.1743477497046
mp-1192552,KAsO3,3.148799999999999,3.06899767362125,-6.062744605916663,-1.9336695518666631,525.9776900948693
mp-1194970,KAsO3,3.0119,3.350431811824509,-6.068010464999996,-1.938935410949996,642.3945321837153
mp-1195114,KAsO3,3.1596,3.085214666955281,-6.065126112249997,-1.9360510581999968,2092.85185185622
mp-31045,KAuI3,0.6459,5.089763555767355,-2.6822722370000003,-0.8868143234500001,804.8974507267882
mp-1211678,KBeF3,7.061299999999999,2.41446424243066,-5.52779316,-3.40532521745,289.14423988007974
mp-974757,KBeH3,3.0876,1.035164852651831,-3.208797448,-0.197541067199999,328.1042855997409
mp-29799,KBiO3,0.4914,5.7835495813543,-5.545642485500002,-1.572585075950002,1020.0944985470918
mp-676536,KBiO3,0.186199999999999,5.509511103296838,-5.514770433111111,-1.541713023561111,1606.2497196394145
mp-863367,KBiO3,0.490599999999999,5.754443719876694,-5.536190914500002,-1.563133504950003,512.6270580799318
mp-22958,KBrO3,3.8569,3.302905240368695,-4.567074504,-1.044634649449999,83.95967616702733
mp-1105868,KCO3,0.0964,2.036152269421391,-6.8399012805,-1.79865420395,323.2987632266502
mp-1106094,KCO3,0.875599999999999,1.878370348622941,-6.851735725499999,-1.810488648949999,350.45565477951186
mp-1545211,KCO3,0.860399999999999,2.013260016438214,-8.244413733,-1.467793716999999,326.97490888915945
mp-1545405,KCO3,1.488499999999999,1.998718215929988,-8.2564477515,-1.479827735499998,329.3538354723892
mp-31302,KCO3,4.1733,2.041828479570715,-6.777014060000001,-1.735766983450001,644.8000084546517
mp-3346520,KCO3,1.2657,2.188693294470153,-8.2476744945,-1.471054478499998,300.7664491449145
mp-1211648,KCaBr3,4.575299999999999,3.154900024517205,-3.873549010500001,-2.26398716895,671.3702189186729
mp-998599,KCaBr3,4.4047,3.266123660458214,-3.878981410000001,-2.269419568450001,324.2537852699501
mp-998749,KCaBr3,3.8983,2.829701269335993,-3.824431044,-2.214869202449999,187.1315837363699
mp-1211589,KCaCl3,4.7635000000000005,1.963622695725722,-8.744588535,-2.44181366925,156.89807138304974
mp-1211643,KCaCl3,5.5615,2.153162020579438,-8.7903216895,-2.48754682375,572.3463649065128
mp-998421,KCaCl3,5.616,1.983308022920182,-8.772165423,-2.46939055725,310.68155861108005
mp-998601,KCaCl3,4.7457,1.94888213557156,-8.744655511000001,-2.4418806452500013,158.08478525203168
mp-4950,KCaF3,6.1392,2.51188322213785,-5.471143295999999,-3.695437950449999,90.01935657512333
mp-5926,KCaF3,6.6502,2.7223959847326933,-5.495007580499998,-3.719302234949998,332.23397730054904
mp-643749,KCaF3,6.5991,2.610411927823775,-5.4929808435,-3.71727549795,346.4864821349556
mp-1105914,KCaH3,3.3257,1.5315700399330652,-5.163588946,-0.479209978,356.48780527248573
mp-1205722,KCaI3,3.602399999999999,3.740660485811372,-3.3349183690000013,-1.7931168794500012,408.3048074953539
mp-23442,KCdCl3,3.5095,3.300056921895721,-10.5851991,-1.6690854362499992,519.0218184985106
mp-10175,KCdF3,3.1006,4.11453690974569,-4.242006089999999,-2.6754186824499997,84.14795913800039
mp-9628,KCdF3,3.3539,4.263088622778992,-4.267583105,-2.700995697449999,324.8629473973984
mp-23022,KClO3,5.4717,2.199650261164601,-4.713488817,-1.148729709449999,185.02780731565468
mp-550506,KClO3,5.0728,2.28265342975124,-4.702425806,-1.13766669845,89.1498594092199
mp-556084,KClO3,5.5725,2.198744989889655,-4.7135123145,-1.14875320695,370.2079746001091
mp-1180767,KCrF3,1.572,3.396139663724107,-6.231186697,-2.925991833449999,144.81653079525373
mp-1180782,KCrF3,0.157399999999999,3.405717547651045,-6.231341194999999,-2.9261463314499983,144.40926392615722
mp-556365,KCrF3,1.4898,3.418906474957139,-6.233367434,-2.9281725704499992,143.85218425808222
mp-560547,KCrF3,1.968,3.416883032739683,-6.22976257,-2.924567706449999,143.9373720095832
mp-566131,KCrF3,0.7059000000000001,3.189648218946756,-6.206554186,-2.90135932245,77.09583164614405
mp-27450,KCuCl3,0.268199999999999,2.872467970229371,-8.355593913,-1.29111858725,483.2891413171882
mp-636978,KCuCl3,0.0684,2.065254287127698,-8.333649543999968,-1.269174218249968,672.1848188118263
mp-23348,KFeBr3,0.0763,3.806124839204965,-4.173214274,-1.27076816645,584.0146847215037
mp-23538,KFeCl3,0.0477,2.7123008167977822,-4.6039819965,-1.57457812995,492.9694099949901
mp-1247740,KFeI3,0.1892,4.874467314441557,-3.5712286395,-0.736542883949999,648.1500424921121
mp-1097023,KFeO3,0.5258,2.493999836257702,-6.158917163,-1.26986237345,380.6895919360882
mp-998412,KGeBr3,0.9083,3.322678412891685,-3.49500829,-1.361960853449999,175.64051665487327
mp-998612,KGeBr3,2.902599999999999,3.40523440443936,-3.520239458000003,-1.387192021450002,342.7646286889748
mp-998231,KGeCl3,1.4859,2.367039892130837,-3.88745914,-1.62745394445,153.00083795544327
mp-998613,KGeCl3,2.8924000000000003,2.310196857989364,-3.915682033,-1.6556768374500002,313.5309319788258
mp-7483,KHgF3,0.6082000000000001,5.300151193979543,-3.63507531,-2.198555532950001,371.8041543165061
mp-725939,KHgI3,1.7116,4.159090573297365,-2.1944688665,-0.991852945450001,990.7947502318428
mp-1080058,KIO3,2.8548,4.049680418232495,-4.865071167499999,-1.365218096949998,175.49877238480562
mp-1180816,KIO3,2.813,3.8046401009166,-4.856070678,-1.356217607449999,373.6037696597722
mp-1200675,KIO3,2.8533,4.037656090559175,-4.865412280999999,-1.365559210449999,704.0856635733552
mp-1223446,KIO3,2.529499999999999,3.846587597069343,-4.86031302,-1.36045994945,92.38239400710272
mp-23487,KIO3,2.7868,4.053475826557709,-4.866476067999999,-1.366622997449999,350.6688937400874
mp-2762888,KIO3,3.5428,4.052236256938161,-4.861664579,-1.361811508449999,350.7761625367812
mp-552729,KIO3,2.568199999999999,4.067605629319784,-4.8597059195,-1.359852848949999,87.36269032913107
mp-1110931,KInBr3,0.8797,3.517577973656685,-3.181974705000002,-1.421698090783334,371.6393352269377
mp-28529,KInBr3,2.3376,3.749623312357553,-3.2797647855,-1.519488171283333,697.2808897524967
mp-1112170,KInCl3,1.597099999999999,2.566290320040948,-3.610035065999999,-1.722800692783332,336.82650816696275
mp-1112296,KInF3,2.3697,3.444753015976975,-4.625288278,-2.6988681597833333,203.3392813139331
mp-27865,KMgCl3,4.4851,2.335928213706615,-3.9119917455,-2.25049811795,482.7150586764984
mp-3448,KMgF3,6.9537,3.174844984847381,-5.236904424,-3.536225051449999,62.97202846293481
mp-23737,KMgH3,2.458,1.738989885084084,-2.9351239380000003,-0.3456561272,63.4304022052392
mp-29636,KMnBr3,1.7869000000000002,3.845650107313347,-4.548343158500001,-1.507498234536207,576.4457502066115
mp-1180746,KMnF3,1.7405,3.434624555703165,-6.221487153,-3.014498725036206,146.038551017863
mp-1180807,KMnF3,3.3458,3.260937950998856,-6.221887712,-3.014899284036206,307.6339390337806
mp-1205353,KMnF3,2.4058,3.450245699508706,-6.223091586999999,-3.016103159036205,145.3773548581438
mp-2759521,KMnF3,2.1486,3.44889997134715,-6.223049945,-3.016061517036206,290.8681594551089
mp-555123,KMnF3,2.6564,3.427308377118168,-6.221380176999999,-3.014391749036205,73.17514769812144
mp-555359,KMnF3,2.0716,3.45167492085798,-6.222847012999999,-3.015858585036206,145.31715903321003
mp-558046,KMnF3,2.7828,3.448779990624073,-6.222718584499999,-3.015730156536206,290.87827856162966
mp-560382,KMnF3,2.6774,3.430980025196564,-6.222167010999999,-3.015178583036205,292.38735855159945
mp-644332,KMnF3,2.689199999999999,3.232041987873104,-6.221057308500001,-3.014068880536207,310.3843299606014
mp-1020193,KNO3,2.9530000000000003,2.129968351147125,-6.271692088499999,-1.408985991949999,315.2832078512625
mp-1105365,KNO3,3.1418,1.958106917645145,-6.238478935,-1.375772838449999,342.9553556651237
mp-1190109,KNO3,2.8553,1.907735011621495,-6.2412336905,-1.378527593949999,352.0107615997184
mp-2767096,KNO3,3.5471,2.158985125707373,-6.277808602999999,-1.415102506449999,155.52289971226747
mp-2767254,KNO3,3.5791,2.256373087372057,-6.281958501,-1.419252404449999,148.81033152931727
mp-36903,KNO3,2.976499999999999,1.944216862852343,-6.277345139,-1.414639042449999,172.7027645944071
mp-5158,KNO3,2.9384,2.192798410004667,-6.2848446935,-1.4221385969499991,306.24942598800067
mp-672644,KNO3,3.2301,2.019261484138568,-6.2405547975,-1.3778487009499991,332.5687433976958
mp-675625,KNO3,3.0629,1.8748950338500072,-6.273080306,-1.41037420945,179.0882268732527
mp-676851,KNO3,3.0153,1.9462674195383871,-6.25547028,-1.39276418345,86.26040384144711
mp-6920,KNO3,2.9813,2.249993051470205,-6.28220374,-1.41949764345,74.61614758460318
mp-9475,KNO3,3.2872,2.421097685351045,-6.2837186195,-1.42101252295,277.3713999375288
mp-4342,KNbO3,1.475999999999999,4.515683418789579,-8.066249072000002,-2.85093751645,66.19193300770227
mp-5246,KNbO3,2.0585,4.501553297504891,-8.067085836,-2.851774280450001,66.39970574294573
mp-7375,KNbO3,2.2934,4.499799378518349,-8.067439236000002,-2.852127680450001,66.42558683114697
mp-935811,KNbO3,1.412099999999999,4.569594296132727,-8.059709008000002,-2.844397452450001,65.41101790884895
mp-27366,KNiCl3,0.702299999999999,2.844454364567921,-8.760471230666667,-1.469011672916667,715.0760800661986
mp-1196581,KPO3,5.0617,2.26319293343707,-6.953922860375001,-2.675777607753572,4158.237430130767
mp-1223439,KPO3,3.3136,1.943171785535104,-6.717871758999999,-2.43972650637857,201.794081320203
mp-13981,KPO3,4.821199999999999,2.440870589562841,-6.950319923,-2.6721746703785723,321.2956614628418
mp-5039,KPO3,5.1269,2.44484784723836,-6.963813304999999,-2.68566805237857,641.5459608291362
mp-557880,KPO3,5.243,2.339254700387278,-6.960182587666667,-2.682037335045238,1005.7576849014606
mp-557985,KPO3,5.216,2.443185333898494,-6.9633843335000005,-2.6852390808785698,641.9825133506407
mp-675976,KPO3,0.7652000000000001,2.209724067552987,-5.470951085,-1.192805832378571,177.45227608604674
mp-8267,KPS3,1.7149,2.0890963688192112,-4.749104455999995,-0.957297178878565,264.3180621637443
mp-569702,KPSe3,1.4182,3.278374933214612,-4.206666757833333,-0.799751221618154,3731.404010154259
mp-571452,KPSe3,1.315,3.484707385856786,-4.204703159999999,-0.79778762378482,877.6161107698349
mp-1206970,KPaO3,3.0477,6.391337032195198,-8.656407697999999,-3.552497714449997,82.6542619610523
mp-1211504,KPbI3,2.4115,4.839075124545369,-3.090048539499997,-1.206837611949997,860.6416828616508
mp-541581,KSO3,4.9772,2.315881936093708,-6.096352299666666,-2.073822209616666,512.648739732601
mp-558546,KSO3,4.995,2.233077565667677,-6.098420835000001,-2.07589074495,531.65818069242
mp-14607,KSbO3,2.0039,4.704402694997494,-6.051586918333333,-2.030736122783333,884.6548224253007
mp-16293,KSbO3,1.121299999999999,4.621424829037074,-6.025254998999999,-2.004404203449999,300.17961160744926
mp-547792,KSbO3,2.6808,4.514453166273659,-6.069977968999998,-2.049127173449997,153.64624010469555
mp-695836,KSbO3,0.2784,3.86299281493033,-5.305372768,-1.284521972449999,179.55735057177304
mp-28695,KSiH3,2.5733,1.458386837216834,-5.219501882,-0.188028735,319.757399910416
mp-1198795,KSiO3,0.2132,2.282994041463066,-6.740625377000001,-2.46051122345,670.2223739368103
mp-1097014,KSnBr3,2.2679,3.970265113008643,-3.509366654499999,-1.499010417949998,665.0417230363074
mp-28774,KSnF3,3.5114,3.874886942943743,-4.966241507750003,-2.789741767200002,736.4129577677159
mp-1097015,KSnI3,1.9381,4.277587265101873,-3.066696506500002,-1.124100621950002,836.2062838205491
mp-1205548,KSrI3,3.9993,3.796254243576846,-3.326722780000003,-1.847555648450002,443.9166209756968
mp-3614,KTaO3,2.0995,6.981426041917768,-8.640023914000002,-3.071587857916669,63.7546200303669
mp-568318,KTaTe3,0.492199999999999,5.607998538235741,-5.3048983437000015,-0.8192553546166661,3570.0780812097096
mp-28408,KTcCl3,1.697099999999999,2.943660548503777,-11.447187764,-1.359139228249999,549.3437181871276
mp-1111155,KTlBr3,0.9246,3.960905520400015,-3.024775913,-1.342039624116668,405.140615144015
mp-1111296,KTlCl3,1.097,3.292339148991479,-3.391741491,-1.582047443116668,352.89437515010235
mp-1111295,KTlF3,1.9647,4.534969175152891,-4.287616186999999,-2.438736394116667,220.04713226360937
mp-4126,KUO3,0.4454,6.795779335257008,-8.78844244,-3.335109890449998,79.44393397949031
mp-1205604,KVCl3,0.3342,2.556929670653495,-9.548923211,-1.83589193925,255.0933518245801
mp-557257,KVF3,2.075899999999999,3.467540209722954,-6.230437906000001,-3.03907132245,70.41227003340603
mp-1076633,KVO3,0.2186,4.006977597551768,-7.201591718,-2.18975995645,57.204585275291
mp-18815,KVO3,3.046,2.9267540433941823,-7.418503008500001,-2.406671246950001,313.27195695543344
mp-1206621,KYbI3,3.6306,5.309448600552987,-24.609973962,-1.365235154250001,370.83075822716575
mp-5878,KZnF3,3.6954,4.044777029368843,-4.438915822,-2.8123817304500003,66.30309275332023
mp-758316,La10Bi8O27,1.4298,7.126321428810995,-7.651509982666665,-2.894281256777777,813.8934758700526
mp-530985,La10Mn9O30,0.031699999999999,6.421748431300939,-8.70439899622449,-2.984867591558762,1222.299325154422
mp-530347,La11Mn12O36,0.005999999999999,6.264257514973523,-8.712997435677966,-2.9101693366978383,1464.9440633069114
mp-758402,La11V12O36,0.8056000000000001,6.085647428607674,-9.00241624779661,-3.215474770254239,740.88360399438
mp-530455,La12Mn11O36,0.041599999999999,6.369747599183707,-8.723830205593222,-2.992629364021042,1484.4621532361084
mp-1349963,La3Mn3O10,0.1951,6.263277603297214,-8.21169403125,-2.475839203674569,589.7856779493885
mp-622353,La4(CoO3)3,0.5629999999999991,6.490888725147638,-8.190245517343751,-2.835500040781252,896.8405875700745
mp-758462,La4Mn4O11,0.226199999999999,6.045006382279943,-8.795810573157896,-2.963196855090745,522.6736695110585
mp-770296,La4Zn3O9,2.0294,6.495587769380742,-7.2496836134375,-2.996251845,916.057575643052
mp-530617,La9Mn10O30,0.032099999999999,6.253443625243762,-8.696686126020408,-2.890909656312456,1210.6028051906994
mp-1080060,LaAlO3,3.7121,6.529684685682409,-8.427559752999999,-3.722466562999999,108.7846540054093
mp-1080080,LaAlO3,3.519299999999999,6.536718281427916,-8.427160754,-3.722067564000001,108.66760027192304
mp-2920,LaAlO3,4.0189,6.535048660257443,-8.427286556,-3.722193366,108.69536345095824
mp-5304,LaAlO3,3.4924,6.560522946797748,-8.424506328,-3.719413138,54.13665153348018
mp-696871,LaAlO3,3.581899999999999,5.742031104167994,-8.199224974,-3.494131784000001,123.70700827112734
mp-768417,LaAlO3,4.4431,4.555686889341703,-8.396395141666668,-3.691301951666668,467.7644710119816
mp-768518,LaAlO3,4.6067,4.814707508494951,-8.374345489333331,-3.669252299333332,442.599776648795
mp-771698,LaAlO3,4.4777000000000005,4.988433941703543,-8.37044092625,-3.6653477362499993,569.581153201603
mp-771703,LaAlO3,4.1704,4.99310972184221,-8.384799595333334,-3.679706405333334,426.7858281918373
mp-780411,LaAlO3,4.468500000000001,5.128817203013931,-8.334391190333333,-3.629298000333334,830.9863204470903
mp-780421,LaAlO3,4.269299999999999,5.051188230492036,-8.34491938,-3.639826190000001,421.87864927012674
mp-780422,LaAlO3,4.2491,4.520509029965628,-8.391749496666668,-3.6866563066666673,942.8090747140236
mp-1079050,LaAsO3,2.692999999999999,6.144579313856287,-7.753694633,-2.863692102500001,141.51370411239242
mp-28853,LaAuO3,1.797699999999999,8.441168934491103,-6.925627539500001,-2.314873115500002,302.0584155163614
mp-7492,LaBO3,4.002199999999999,5.132122265944872,-8.798787131000003,-3.506930752833335,127.94431487087007
mp-8216,LaBO3,4.500700000000001,5.315766467693733,-8.813001928000002,-3.521145549833336,247.048425148268
mp-755003,LaBiO3,2.6285,7.438530497077172,-7.462360249,-2.728375363,176.75022353888693
mp-768310,LaBiO3,3.069999999999999,7.537041755290872,-7.467816277999999,-2.733831392,174.44004834340714
mp-989643,LaCoN3,0.4901,5.076409550800055,-14.714296219,-0.641243549249998,156.9199040239598
mp-1180725,LaCoO3,1.104,7.187006177323267,-7.943823356,-2.5611619880000003,113.59993529183484
mp-1185232,LaCoO3,0.9729999999999992,6.8901962709794216,-7.935100783499999,-2.552439415499999,236.98698979728343
mp-1272753,LaCoO3,0.673899999999999,6.864404462069578,-7.9521576865,-2.5694963185,237.87742729827065
mp-1288145,LaCoO3,0.9497,6.914735764099035,-7.982587506,-2.599926138,118.07297697836468
mp-1504268,LaCoO3,0.9398,6.837232356035579,-7.927442259999999,-2.544780892,119.41139253008176
mp-19051,LaCoO3,1.0014,7.346953554651772,-7.979271120999999,-2.596609753,222.25359956685824
mp-573180,LaCoO3,0.4388,7.341623228722615,-7.906038759999999,-2.523377392,55.60374124701541
mp-989612,LaCrN3,1.4148,5.206290707670716,-15.432453365,-0.99157844325,297.1601504486528
mp-18841,LaCrO3,1.903899999999999,6.549860163598633,-8.991754038,-3.105166520000001,60.56654511365902
mp-19281,LaCrO3,2.3706,6.706217884389386,-9.0832108625,-3.1966233445,236.61766314523803
mp-756272,LaDyO3,4.401499999999999,7.4316784470168145,-8.779369334,-3.899716204333333,312.28393326480085
mp-7538,LaErO3,4.4376,7.736143143279784,-8.808138028,-3.938616242,304.0796627333526
mp-1200571,LaErS3,0.759999999999999,5.690925675100202,-6.827999507249999,-2.444815696749997,939.2266311609584
mp-558977,LaErS3,1.135899999999999,5.704815482612086,-6.831274340333334,-2.448090529833332,1405.4097717016073
mp-1078634,LaFeO3,1.950899999999999,6.982962229917882,-8.502908070000007,-2.852925804000007,115.45061726760385
mp-1181002,LaFeO3,1.2424,5.327540021179633,-8.3961604495,-2.746178183500001,302.64898868723105
mp-22590,LaFeO3,1.433399999999999,6.399934700878753,-8.475136048,-2.825153782000001,251.93610168856503
mp-552676,LaFeO3,0.848399999999999,6.50503335833213,-8.372899576,-2.722917310000001,61.96642318273111
mp-605340,LaFeO3,1.766,4.836286084147502,-8.2110151845,-2.561032918500001,333.39107148475915
mp-1078871,LaGaO3,3.3682,7.003612573186545,-7.653481302999999,-3.0918840745,121.69108631106909
mp-1097026,LaGaO3,3.365900000000001,7.10999868052724,-7.595752593999999,-3.034155365499999,59.93511816444752
mp-1180739,LaGaO3,3.2035,6.997921568205891,-7.6545308995,-3.092933671,243.58010127039395
mp-3336,LaGaO3,3.3802,7.007147123944987,-7.6540056230000015,-3.0924083945,121.62970279595108
mp-556983,LaGaO3,3.1939,7.004010502481837,-7.654491901999999,-3.092894673499999,121.6841724938779
mp-5837,LaGaO3,3.3483,6.9637120671375285,-7.659527258,-3.0979300295,244.776697806021
mp-1201646,LaGaS3,2.1506,4.338767127764142,-14.737903634,-1.6799700666875,1399.9496136472676
mp-4816,LaGaS3,2.2366,4.34049606706342,-14.742639420500002,-1.6847058531875,1399.3919751039664
mp-756166,LaHoO3,4.385499999999999,7.623295924453871,-8.792727639,-3.917213721999999,306.5519644743991
mp-770413,LaHoO3,4.236,7.478613401931692,-8.746057896,-3.870543979,312.48257074063946
mp-1200097,LaHoS3,0.758799999999999,5.615525156412775,-19.807661092750003,-2.4620139324375,946.3289521611864
mp-1080184,LaIO3,0.7893000000000001,5.314343056025576,-6.521473916,-2.260693368999999,196.10727813149077
mp-11623,LaInO3,2.7507,7.10934713351585,-7.436104474000001,-2.9282917013333343,281.8940253530813
mp-22220,LaLuO3,4.452500000000001,8.359650151374474,-8.848796715999999,-3.988481201333332,287.5241780269563
mp-1106374,LaLuS3,2.232199999999999,5.618467249845161,-20.8474945185,-2.46214010452083,484.78207567773165
mp-1232327,LaMgS3,0.200899999999999,3.01919491611978,-5.375916514,-1.580182462499999,570.6858006747453
mp-1180700,LaMnO3,1.1014,6.459553800722036,-8.755401491499999,-2.967020409086208,248.6782388258177
mp-1180932,LaMnO3,0.5346999999999991,5.180963898577695,-8.293129757500001,-2.504748675086207,310.04857285439806
mp-1272373,LaMnO3,0.5803,6.458608355858248,-8.750783121,-2.962402038586206,248.7146416467784
mp-1272996,LaMnO3,0.5975,6.424936465973004,-8.7482045255,-2.959823443086208,250.01810854808264
mp-1281528,LaMnO3,0.0716,6.417574981542556,-8.746746991,-2.958365908586208,250.30489980781863
mp-1283081,LaMnO3,0.6151000000000001,6.529256936148967,-8.698895915,-2.910514832586207,123.0117361342206
mp-557795,LaMnO3,1.4409,5.406020375383018,-8.45312061,-2.664739527586206,297.1410300410424
mp-566602,LaMnO3,1.6926,4.836735523395796,-8.503579954500001,-2.715198872086207,332.11459568010025
mp-645158,LaMnO3,0.9889,4.8195168444997165,-8.502294801,-2.7139137185862072,333.3011408804232
mp-989534,LaMoN3,1.223799999999999,5.359535447880464,-9.250023062,-1.090724972000001,171.56191974186592
mp-989552,LaMoN3,1.1509,6.896652451808446,-9.243476604,-1.084178514000001,133.3244203311773
mp-989603,LaMoN3,0.805099999999999,5.649407490371495,-9.252489579500004,-1.093191489500006,162.75904896753863
mp-989631,LaMoN3,2.0751,5.63308226021011,-9.272825628000003,-1.113527538000005,326.4614816147412
mp-1284950,LaNiO3,0.355999999999999,7.002714214091489,-7.5638215065,-2.451816146499999,232.95169096396123
mp-989632,LaOsN3,0.027199999999999,7.264297936966237,-8.82753778,-0.591896226,339.36841749559727
mp-989614,LaReN3,1.4312,6.631373963485498,-22.795301544,-0.886972158750001,367.72951033262433
mp-5163,LaRhO3,0.5939999999999991,7.6807669369413905,-7.973849524,-2.545009926000001,250.620518807492
mp-1222966,LaSbSe3,0.9761,5.854880930127979,-5.30482389,-1.39427533440625,564.4478172687956
mp-1096800,LaScO3,2.8177000000000003,5.673387093636159,-8.9689534,-3.746481555,67.8627929880572
mp-31116,LaScO3,3.8973,5.761036661691382,-9.173035223,-3.950563377999999,267.3212593398152
mp-1190131,LaScS3,1.6446,4.058837585146462,-15.42371525,-2.3746394016875,458.30319977671337
mp-1232374,LaSiP3,0.5185000000000001,3.906908122213661,-13.96679719975,-0.861842452535711,883.7565491181256
mp-778450,LaSmO3,4.2879,6.845937155644013,-8.7009754675,-3.8012802165,327.2244468783508
mp-989620,LaTaN3,0.6895,8.656365811415053,-22.565097497722224,-1.42052451143889,277.6707981069446
mp-29257,LaTlO3,0.349699999999999,8.182080686051082,-6.761665069,-2.331392621666668,158.82202214022158
mp-13374,LaTmO3,4.414,7.874661617948814,-8.8140954055,-3.961617085500001,300.1437927284731
mp-1199053,LaTmS3,0.7541000000000001,5.750374710812791,-20.25269934475,-2.459111309437497,933.3866457636792
mp-556841,LaTmS3,1.133499999999999,5.770248868123916,-20.22737898983333,-2.433790954520831,1395.2577486371704
mp-989403,LaVN3,0.5744,5.860940486792446,-15.53421421283333,-1.29009262308333,131.38653390551372
mp-989524,LaWN3,1.2096,9.318807569682567,-22.944048964,-1.244283644250001,129.99677793673973
mp-989601,LaWN3,0.706399999999999,9.135861941169184,-22.920719816,-1.220954496250001,66.29998165866549
mp-989633,LaWN3,2.386199999999999,7.290425319640328,-22.9067583545,-1.206993034749999,332.3303936761261
mp-989646,LaWN3,1.711799999999999,7.100723675984881,-22.894685037,-1.194919717249999,170.60443604759888
mp-10429,LaYO3,4.3416000000000015,5.872769225450698,-9.1327788055,-3.8749824815,311.9431159769749
mp-1200447,LaYS3,0.7897999999999991,4.500062413751802,-17.29553384275,-2.4634352734375,956.475893385198
mp-530738,Li10Mg7Cl24,4.5584,2.159298485007727,-4.0146201,-2.188582393373984,3354.20052852593
mp-758440,Li11V16O32,0.9689,3.7951494075135583,-7.979554353050847,-2.476581457909605,614.0452724176538
mp-759703,Li12Ni11O28,0.8900999999999991,4.241723740457722,-5.7120515198039215,-1.299669440980391,460.7307935316471
mp-685395,Li17(WO3)19,0.274099999999999,6.398931761104445,-8.132074256021506,-2.103150165824373,1173.7099698840295
mp-1246806,Li17Cl5O6,2.659799999999999,1.815700009358261,-4.567108732857143,-2.017745562738095,357.82334911428364
mp-1297722,Li3(CoO2)4,0.4819,4.565133517115288,-6.489191791333334,-1.566250223333333,279.75607854414875
mp-1303525,Li3(CoO2)4,1.2833,4.500481458625027,-6.498771637666667,-1.575830069666667,283.77493886372173
mp-1303680,Li3(CoO2)4,0.782,4.545364309157825,-6.462138760333334,-1.539197192333333,280.972825039685
mp-756480,Li3(FeO2)4,0.7109000000000001,4.050738201274455,-7.061083340666666,-1.781713908666665,152.57704174111956
mp-758469,Li3(FeO2)4,0.298999999999999,4.290394686792393,-7.023655422,-1.744285989999999,144.05426463929115
mp-1313788,Li3(NiO2)4,0.0001,4.8271558692395455,-5.915040244666667,-1.352973353999999,131.95537637108868
mp-755972,Li3(NiO2)4,0.2522,4.840248637020759,-5.919794180666668,-1.35772729,131.598439934581
mp-28593,Li3BrO,4.277500000000001,3.148288892773074,-4.39658781,-1.9342525819999992,61.56637904117181
mp-985585,Li3ClO,4.9291,2.010312573896275,-4.568813878,-2.064159397,59.70023110462523
mp-768634,Li3Cr4O8,0.748499999999999,4.007917770877238,-7.910596271333333,-2.31575317,295.65709190424445
mp-1177704,Li3Fe3O8,0.049,3.5884459712872623,-6.617903268928571,-1.566437535357141,292.7823640914283
mp-1273581,Li3Fe3O8,0.098999999999999,3.655230039994618,-6.65588865,-1.60442291642857,143.71649436452338
mp-1299455,Li3Fe3O8,0.1694,3.6486286946412143,-6.656107611785714,-1.604641878214284,287.9530318968671
mp-1308681,Li3Fe3O8,0.2111,3.650038290664826,-6.654812463214285,-1.603346729642856,287.84182828297986
mp-1045540,Li3Mn4O8,0.594599999999999,4.04949186532477,-7.548871400666667,-2.084970213448276,151.13637343546625
mp-1080219,Li3Mn4O8,0.270099999999999,3.7290098800953713,-7.45619038,-1.992289192781609,656.5018967082536
mp-1097902,Li3Mn4O8,0.363199999999999,3.7788544660714862,-7.485868662333334,-2.021967475114943,647.8423768649355
mp-1097905,Li3Mn4O8,0.2524,3.714702797185962,-7.469242606833333,-2.005341419614943,659.0303969892195
mp-1289284,Li3Mn4O8,0.4203,3.932294664165872,-7.5343395346666675,-2.070438347448276,311.28161394356323
mp-1305278,Li3Mn4O8,0.539999999999999,3.958872660269858,-7.529800838000001,-2.06589965078161,309.1918166116958
mp-753028,Li3Mn4O8,1.2818,4.062417233733914,-7.558812926666667,-2.094911739448276,150.6555037477213
mp-753674,Li3Mn4O8,0.76,4.022280340355039,-7.559661980333334,-2.095760793114943,304.3176820080049
mp-1177493,Li3V3O8,1.3413,3.417189578152875,-7.606807211071429,-2.423794721785715,293.1587352993474
mp-1275559,Li3V4O8,0.9378,3.818118335510546,-7.905264343333333,-2.462192281999999,306.6850144065109
mp-1284801,Li3V4O8,1.104299999999999,3.825179142341383,-7.908851736333333,-2.465779675,306.1189118622752
mp-1289227,Li3V4O8,0.9327,3.797804157409014,-7.907701762666667,-2.464629701333334,308.325450233506
mp-1302334,Li3V4O8,1.0954,3.815034584843862,-7.909534978,-2.466462916666666,306.9329125832129
mp-1307896,Li3V4O8,1.0062,3.826256305935393,-7.907847449666667,-2.464775388333334,306.03273359272634
mp-867624,Li4Co5O12,0.0121,4.21450185710779,-6.316859877142858,-1.427416680634922,202.6856657319144
mp-771884,Li4Cr3O8,1.0376,3.468657868823387,-7.253243164,-2.1746750362222222,149.2418457633826
mp-758101,Li4Cu3F10,0.187899999999999,3.111810240438429,-6.691508992941175,-2.376950572156861,217.92490800924065
mp-757201,Li4Fe3O8,0.1162,4.127806755872923,-6.459985570666666,-1.618022694888888,130.05517962811356
mp-771986,Li4Fe3O8,0.141699999999999,3.751341194658696,-6.542021947999999,-1.700059072222221,143.1068573206753
mp-28623,Li4Ge5O12,3.0198,4.6793083411610965,-6.515449931666666,-2.223718369682539,413.7459940500194
mp-3346400,Li4Mg3Cl10,4.9764,2.163656295920546,-6.970066768382353,-2.053647628186275,2794.870259011829
mp-531376,Li4Mn3Cl10,1.307899999999999,2.466134947402008,-8.559566493382356,-1.787730101918529,1473.5518553503905
mp-759565,Li4Mn3F10,3.323,3.199676794946196,-6.21097111117647,-3.01919104688979,794.1544904910753
mp-774371,Li4Mn3F10,3.5835,3.173485035264182,-6.168202912352941,-2.97642284806626,200.17722366658967
mp-778703,Li4Mn3F10,2.996,2.663447391137376,-6.153268537941177,-2.961488473654496,477.0204403664812
mp-771777,Li4Mn3O8,1.1229,3.653047741064356,-7.063038684666666,-2.082676992475095,145.72066510213483
mp-779008,Li4Mn3O8,1.7479,3.691150643778883,-7.075087802666667,-2.094726110475096,576.8656962022792
mp-691115,Li4Mn5O12,1.0113,4.131443210079115,-7.426357757619043,-2.053914901094687,397.4633364794207
mp-554485,Li4Mo3O8,0.0015,4.619779117025487,-7.36038371,-2.043295054222223,318.88130236210634
mp-566257,Li4Mo3O8,1.585499999999999,4.294616954928041,-7.394573118,-2.077484462222223,171.51252334296166
mp-690551,Li4Mo3O8,1.8219,4.490505870817804,-7.383196564,-2.066107908222223,164.03064864427617
mp-755266,Li4Ti3O8,2.1744,3.361448397886174,-7.75468041,-3.027623372888888,147.8824745302611
mp-758836,Li4Ti3O8,1.740399999999999,3.427593487302737,-7.716708292666667,-2.989651255555555,145.02866484215713
mp-685194,Li4Ti5O12,2.7202,3.500730865162658,-8.274010749047617,-3.203121053333332,435.5318351616798
mp-772925,Li4Ti5O12,3.0262,3.286129980341957,-8.249880847380952,-3.178991151666666,463.9742637181893
mp-766597,Li4Ti5S12,1.0319,2.586892697322376,-6.126723140238095,-1.519012468809523,836.8886326955713
mp-1177246,Li4V3O8,1.301399999999999,3.370981508203795,-7.398984491333334,-2.434244643555556,152.00774252808387
mp-1302394,Li4V3O8,1.429,3.358351309122358,-7.403829765,-2.439089917222223,305.15883658394546
mp-1308066,Li4V3O8,1.673099999999999,3.362063452847167,-7.405898787666667,-2.441158939888889,304.8219025920138
mp-1314586,Li4V3O8,1.7335,3.358612158384929,-7.405795585333334,-2.441055737555556,305.1351361821913
mp-28699,Li4V3O8,1.4273,3.525985979899661,-7.419641041333334,-2.454901193555556,290.65078085225747
mp-771788,Li4V3O8,1.773299999999999,3.566685544339058,-7.381016610333334,-2.416276762555556,287.33415536408324
mp-775320,Li4V3O8,1.7301000000000002,3.361399617992915,-7.407761136,-2.443021288222222,304.8821011480548
mp-851075,Li4V5O12,0.7449999999999991,2.9649588555445563,-7.780775270238094,-2.426929847539682,1062.9037962988118
mp-1222512,Li4Zr3O8,3.1482,4.129788492553236,-7.985178782,-3.127680022222223,172.66920214019308
mp-765573,Li4Zr3O8,3.784,4.182429405834211,-8.007519050666666,-3.150020290888889,340.9919043808408
mp-532413,Li5B7S13,3.5858,2.101844788928822,-5.4055147984,-1.002053718733332,1666.1192778416253
mp-771191,Li5Co7O16,0.6043000000000001,4.358906198389561,-6.428810082142857,-1.477170530238094,535.7936708671251
mp-530177,Li5Mn7O16,0.871,4.231115089781728,-7.526056389107143,-2.067267194185139,530.0250331855946
mp-757736,Li7(NiO2)9,0.3552,4.82970836817337,-5.909411217647057,-1.366852738921567,297.3392951250031
mp-675075,Li7Mn10O20,0.269299999999999,3.957572365323897,-7.117081096756757,-1.6051396619633431,385.1605846754062
mp-771242,Li7W5O16,1.086799999999999,6.711745717247681,-7.796361169642858,-2.177772337619048,302.7722245644759
mp-771579,Li7W5O16,1.7734,6.430362851287558,-7.838174435357142,-2.219585603333332,316.02107509614
mp-758772,Li8(NiO2)11,0.1948,4.703869193394871,-5.907912609878049,-1.329668011747967,743.5511889831869
mp-768084,Li8V11O22,0.8258000000000001,3.850349366622915,-7.926107314390244,-2.461485562845529,417.4135778490588
mp-758645,Li9Co13O28,0.051,4.599326682012672,-6.4809753728000015,-1.511822746800001,460.8972813442351
mp-758732,Li9Co13O28,0.0119,4.603400763362636,-6.4804706414,-1.511318015399999,460.489380074131
mp-1398557,LiAgF3,0.2067,4.334304367680626,-7.764084154500002,-1.139950672833335,131.6418551877617
mp-752605,LiAgF3,0.3228,4.085859635628241,-8.635636328500002,-2.011502846833335,279.29293651428355
mp-756821,LiAgF3,0.0885,4.691161401956898,-8.613841329000001,-1.9897078473333352,243.25569683954285
mp-757915,LiAgF3,0.337399999999999,4.334303495050334,-8.615471927500002,-1.991338445833335,131.64188169136736
mp-760151,LiAgF3,0.2356,4.399125791518082,-8.630392996500001,-2.006259514833333,389.1063099468663
mp-559767,LiAsO3,2.9408000000000003,3.763988898925844,-6.233445392,-1.948859709166666,229.1600080770351
mp-9657,LiAsO3,3.385799999999999,4.569008444596072,-6.269220308999997,-1.9846346261666632,94.39200396968975
mp-1079676,LiBeH3,4.6523,0.6985636299496151,-3.488323452999999,-0.321556443416666,90.21956436586642
mp-24342,LiBeH3,2.705199999999999,1.011518520444171,-3.3899778135,-0.223210803916666,124.612857010701
mp-24817,LiBeH3,4.8947,0.7847706183063231,-3.494190199333333,-0.327423189749999,240.92685775587543
mp-24818,LiBeH3,4.9681,0.719270205437965,-3.490937505,-0.324170495416666,175.24459069597393
mp-570218,LiBeH3,4.9184,0.779269946586822,-3.494229016833332,-0.327462007249999,485.255000416245
mp-977148,LiBeH3,4.4673,0.763868701108905,-3.489246482333333,-0.32247947275,247.51939548406975
mp-977298,LiBeH3,4.5932,0.8165727778904701,-3.478912667999999,-0.312145658416666,154.36249672370604
mp-29077,LiBiO3,0.144299999999999,7.405010120314769,-5.7638669717500015,-1.6352989334166672,473.461939007118
mp-1017626,LiCaF3,6.5153,3.245990517842307,-7.382108279999997,-3.621491487333331,53.210154981331215
mp-1079935,LiCaH3,2.5547,1.705965896051878,-4.5324605175,-0.5743930540833321,97.42053789603402
mp-759500,LiCoF3,2.833,3.566730687263,-5.5396866880000015,-2.582907345666667,171.61047271394716
mp-764370,LiCoF3,3.0432,3.553258206453398,-5.5390119680000005,-2.5822326256666672,172.2611484222777
mp-2764589,LiCuF3,1.3488,4.142019337274479,-6.869679833499999,-2.347362580833333,204.43090396249545
mp-752701,LiCuF3,0.154799999999999,3.9277656678150334,-6.868944008499997,-2.34662675583333,215.58230020891196
mp-753405,LiCuF3,0.523699999999999,3.783852118700578,-6.854987138,-2.332669885333333,223.78167295817707
mp-761262,LiCuF3,0.4097,3.740808975143978,-6.857426346999998,-2.335109094333331,226.35658836777884
mp-761897,LiCuF3,0.7299,3.925081124303655,-6.845515819666665,-2.323198566999999,323.59462028929926
mp-1097043,LiFeF3,2.7983,3.186075112779744,-5.86642065,-2.642320409666666,124.85667848041922
mp-1176698,LiFeF3,3.7201999999999993,3.653104740154128,-6.008428476,-2.784328235666666,108.89442933246478
mp-1176705,LiFeF3,3.4694000000000003,3.297781585516887,-5.9753444875,-2.751244247166666,241.2547621212186
mp-1176706,LiFeF3,0.0069,3.396480508441938,-6.0108924555,-2.786792215166667,234.24409766643373
mp-1176707,LiFeF3,3.4609,3.070196774366624,-5.971748182333333,-2.747647942,388.7074202788242
mp-1176709,LiFeF3,3.6062,3.449616990113951,-5.988241201999999,-2.764140961666666,230.63589790451795
mp-1176718,LiFeF3,3.1318,3.225930081540101,-5.961999351666667,-2.7378991113333333,369.94238490831424
mp-1176724,LiFeF3,3.0341,3.101278254808035,-5.853118423555555,-2.629018183222222,1154.4352068978933
mp-1407616,LiFeF3,4.2544,3.283834912213861,-5.47717066,-2.253070419666667,121.13969386561502
mp-1446564,LiFeF3,4.386699999999999,3.653080959932786,-5.629792561,-2.405692320666666,108.89513819538377
mp-754051,LiFeF3,0.010699999999999,3.532436708983564,-5.797996269,-2.573896028666667,112.61426282858189
mp-754581,LiFeF3,3.3554,3.351239793061623,-5.9623874185,-2.738287178166666,237.40632156159825
mp-754707,LiFeF3,3.4248,3.018560509767178,-5.9850982385,-2.7609979981666672,263.5711655828217
mp-754816,LiFeF3,3.5148,3.531078082714771,-6.004866095,-2.780765854666666,225.31518513743333
mp-754994,LiFeF3,3.2461,3.228068788959483,-5.9892529585,-2.765152718166666,246.4648568403223
mp-755103,LiFeF3,3.1784,3.228719336386945,-5.9467939385,-2.7226936981666663,246.41519718834505
mp-755136,LiFeF3,3.5861,3.876245026378006,-5.956579181,-2.732478940666666,102.6258023586594
mp-755179,LiFeF3,3.2084,3.2357097008499,-5.9435948100000005,-2.719494569666666,122.941423288473
mp-755575,LiFeF3,3.468,3.284879165972766,-5.948791043,-2.7246908026666663,242.2023678018626
mp-756109,LiFeF3,3.518499999999999,3.654106030503097,-5.9810104775,-2.7569102371666663,217.7291806259034
mp-760354,LiFeF3,3.2235,3.3052539106286822,-5.952500942,-2.728400701666666,180.5320105778837
mp-761166,LiFeF3,3.5869,3.515258571604987,-6.02037269,-2.796272449666666,113.16457889730091
mp-775760,LiFeF3,3.1951,3.101551754635288,-5.9597592778,-2.7356590374666663,641.2963371903874
mp-776017,LiFeF3,3.4207,2.9776544648279293,-5.9937186855,-2.769618445166666,534.3840404179251
mp-776026,LiFeF3,3.2462,3.3036725074953512,-5.94305345475,-2.718953214416667,481.6491405467986
mp-776027,LiFeF3,3.162,3.360243976257419,-5.9517590205,-2.7276587801666663,473.5403247878109
mp-776077,LiFeF3,3.3838,3.144665464842284,-6.003502576,-2.779402335666666,506.0032749661744
mp-776080,LiFeF3,3.6432,3.452897813698414,-6.01597288775,-2.791872647416666,460.83351136849024
mp-776524,LiFeF3,2.624,3.113943940154512,-5.967386935857143,-2.743286695523809,894.2419469688558
mp-776604,LiFeF3,2.223799999999999,3.494947166682819,-5.9768614095,-2.752761169166667,682.9335100050309
mp-777470,LiFeF3,3.566499999999999,3.41889765117658,-5.831450833000001,-2.607350592666667,349.0622971710539
mp-777489,LiFeF3,3.2182,2.500295011604103,-5.951899718333333,-2.7277994779999992,477.3069827255176
mp-777522,LiFeF3,3.467,3.3996608298925333,-6.021427504,-2.797327263666666,117.0124832668619
mp-777622,LiFeF3,3.4526,3.321182474373279,-5.9928160375,-2.7687157971666663,239.5548928975201
mp-777672,LiFeF3,3.2093,3.2838626749914117,-5.9752016050000005,-2.751101364666667,121.1386697136616
mp-777683,LiFeF3,3.1492,3.496901830163137,-5.935950602,-2.711850361666666,910.0690274790988
mp-777888,LiFeF3,3.4167,3.480241645023156,-6.008078518,-2.783978277666667,228.6063995238233
mp-777899,LiFeF3,3.4736,3.103984485925202,-5.977178673,-2.7530784326666677,256.31748984224265
mp-780639,LiFeF3,3.2880000000000003,3.388363329681764,-6.012686197,-2.788585956666666,117.4026269515104
mp-780803,LiFeF3,3.4099,3.126599197452572,-6.005163933125,-2.7810636927916663,1017.8541753478848
mp-752521,LiFeO3,0.333299999999999,3.59969868515039,-6.462050524,-1.417485105666666,204.41876740507468
mp-752790,LiFeO3,0.1985,3.397188264440883,-6.437056763000001,-1.392491344666667,108.3022062613327
mp-760833,LiFeO3,0.3066,3.483427483304907,-6.478154222666665,-1.433588804333332,633.7258103762583
mp-28327,LiGaBr3,2.9955,3.832457538276029,-3.389012248499999,-1.419440549666665,548.321490832187
mp-29344,LiGaCl3,3.7633,2.717558421948949,-7.966326549750001,-1.5089667385833332,894.6761596929997
mp-29345,LiGaI3,2.2732,4.33230623565728,-2.9085826215,-1.006771274666666,701.2367235116269
mp-1180548,LiIO3,2.5038,3.778114943450964,-4.702256962,-1.046893262666666,159.84612568357002
mp-22955,LiIO3,3.686099999999999,4.608385640769319,-5.040410448000001,-1.385046748666667,131.047417289717
mp-22994,LiIO3,3.6546,4.304425531982681,-5.039608833000001,-1.384245133666667,280.602850071686
mp-23384,LiIO3,3.7886,4.259170276463127,-5.0412755685,-1.385911869166666,567.1687177525457
mp-555562,LiIO3,3.5742000000000003,3.583387937245519,-4.893201819250001,-1.237838119916666,674.1296746810573
mp-3346453,LiMgCl3,5.5482,2.289836939554159,-7.048419722,-2.045754383833334,598.7286028058212
mp-23736,LiMgH3,0.0004,1.227173873956212,-3.103539746,-0.358561306416666,92.74378492412484
mp-1176630,LiMnF3,3.6287,3.131274340137358,-6.378835669999999,-3.016336613252873,252.1597564876359
mp-1176631,LiMnF3,0.015799999999999,3.211923862837004,-6.374038946000001,-3.011539889252874,122.91408651380723
mp-1176634,LiMnF3,3.8619,2.444916856240455,-6.321410674000001,-2.958911617252874,161.47407489331906
mp-1176635,LiMnF3,4.4878,3.796486691386327,-6.341437138000001,-2.978938081252875,103.98842920962474
mp-1176636,LiMnF3,3.5585,3.111234016144397,-6.332934342500001,-2.970435285752875,253.7839876421476
mp-1371141,LiMnF3,3.8916999999999993,3.322047490005086,-6.376203399,-3.013704342252873,356.5187030651735
mp-752829,LiMnF3,3.7864999999999993,3.336517459499199,-6.368059022,-3.005559965252874,118.32417853187748
mp-752938,LiMnF3,3.2439,3.175743147147818,-6.374343016,-3.011843959252874,124.314426343666
mp-753025,LiMnF3,3.5423,2.9535357137794422,-6.324031041,-2.9615319842528742,267.3342907015824
mp-754676,LiMnF3,3.6507,3.464873556914298,-6.383962293000001,-3.021463236252875,113.94086423866416
mp-754770,LiMnF3,3.515,2.9267114400579723,-6.337088572000001,-2.974589515252874,269.7844974731704
mp-756130,LiMnF3,3.6046,3.15543610859212,-6.342193985500001,-2.979694928752875,250.2289217503159
mp-757275,LiMnF3,3.5688,3.029768187592477,-6.33221721725,-2.969718160502874,521.2157011473794
mp-758456,LiMnF3,3.5564,3.378212916463923,-6.306377043999999,-2.943877987252874,116.86376712032371
mp-758779,LiMnF3,3.8879,3.321642049176312,-6.376579277333334,-3.014080220586207,356.56221986689513
mp-759023,LiMnF3,3.4454,3.3809289759346512,-6.346211247625,-2.983712190877874,934.1590796201106
mp-759042,LiMnF3,3.2651,3.2166000643961112,-6.3306632355,-2.968164178752874,490.9415900625844
mp-759048,LiMnF3,3.2519,2.978330220876691,-6.340042525111111,-2.977543468363985,1192.9893344488517
mp-759093,LiMnF3,3.8236,3.2244964445956352,-6.3789965685,-3.016497511752874,244.8696683875661
mp-759492,LiMnF3,3.7384,2.994656873191074,-6.368788849249999,-3.006289792502873,527.3267746789631
mp-759538,LiMnF3,3.3597,2.9869501708446182,-6.3370570950000005,-2.974558038252873,925.2028506676168
mp-760095,LiMnF3,2.4262,3.130715900096707,-6.314641766333334,-2.952142709586207,378.3071030561871
mp-762988,LiMnF3,3.7014,3.135199363303305,-6.30946701,-2.946967953252874,251.8440722930937
mp-763003,LiMnF3,2.5762,2.408308100653744,-6.314515203333333,-2.952016146586207,491.78593982058464
mp-763149,LiMnF3,3.4382,3.248308823262979,-6.375878756500001,-3.013379699752875,243.074602220817
mp-763191,LiMnF3,3.5205,3.093639070991598,-6.3054804785,-2.942981421752874,255.2273736483216
mp-763362,LiMnF3,3.6017,3.284381671439333,-6.330681584,-2.968182527252874,240.40487802350825
mp-764783,LiMnF3,2.6723,2.67532663811538,-6.3178712595,-2.955372202752875,295.1345693104732
mp-765090,LiMnF3,3.2241,3.246163595394753,-6.309294973999999,-2.946795917252873,486.470476241664
mp-765457,LiMnF3,2.9514,3.049317569751577,-6.3687901235,-3.006291066752874,258.9370759337948
mp-774399,LiMnF3,3.5994,2.982710706362964,-6.3295171656,-2.967018108852873,661.7984887208629
mp-776156,LiMnF3,3.5452,3.299497104898932,-6.362736642,-3.000237585252874,239.3035514208172
mp-776951,LiMnF3,4.0,3.658405940691196,-6.3694095065,-3.006910449752874,215.82661626550947
mp-777298,LiMnF3,3.5986,2.850763699625378,-6.35977178375,-2.997272727002874,553.9437556390793
mp-777352,LiMnF3,3.7601,2.996094749771859,-6.3698282155,-3.007329158752874,1054.1474032690624
mp-777355,LiMnF3,3.7031,3.269397892949199,-6.387215140749999,-3.024716084002874,483.01332597530217
mp-777655,LiMnF3,3.484099999999999,3.007085878049365,-6.3499353415,-2.987436284752874,262.5736035238223
mp-777972,LiMnF3,3.6182,3.180526507250842,-6.38120110425,-3.018702047502874,496.5098535132229
mp-778633,LiMnF3,3.707,2.955780143685831,-6.342207005333334,-2.9797079485862072,400.6969412754181
mp-778800,LiMnF3,3.7265,3.173711004587487,-6.332929427,-2.970430370252873,373.182076422699
mp-778819,LiMnF3,3.4804,3.101048950353377,-6.333152574,-2.970653517252874,127.30875709250624
mp-779073,LiMnF3,3.795,3.290026784792962,-6.354766783666666,-2.99226772691954,359.9885776407317
mp-779317,LiMnF3,3.7196,2.948296548887614,-6.342484478666667,-2.979985421919541,803.4280426128704
mp-859873,LiMnF3,3.7715,2.214983123367355,-6.31590179,-2.953402733252873,178.23643141457626
mp-8180,LiNO3,2.9369,2.467377582518515,-6.404979223999999,-1.386762498666665,92.80084348909156
mp-1078377,LiNbO3,3.684,4.189015426462623,-8.249632965,-2.878810780666667,117.21291827347063
mp-1196213,LiNbO3,3.1296,4.038838730092427,-8.257009209,-2.886187024666665,486.2850493830286
mp-3731,LiNbO3,3.3358,4.577485851594526,-8.270339836,-2.899517651666666,429.06236195769645
mp-552588,LiNbO3,2.275,4.405933343837936,-8.237331804,-2.866509619666666,111.44215867790756
mp-674361,LiNbO3,2.9621,4.384557291808807,-8.2602834186,-2.8894612342666672,559.9273656950107
mp-675069,LiNbO3,3.0192,4.415984295457482,-8.263480592857142,-2.8926584085238103,778.319584001562
mp-676694,LiNbO3,2.9794,4.397739687610721,-8.262324550333334,-2.891502366000001,669.8987539597193
mp-686057,LiNbO3,3.0381,4.409493062654657,-8.259485732749999,-2.888663548416666,445.40877225707146
mp-755559,LiNbO3,3.4857,3.9276205227540713,-8.215173666,-2.844351481666666,125.0137888789659
mp-760701,LiNbO3,3.4233,3.8817183475111694,-8.234432636,-2.8636104516666663,252.98420898728443
mp-776108,LiNbO3,2.8678,4.390481189383467,-8.240503241499999,-2.869681057166666,447.33750279178
mp-758501,LiNiF3,5.245,4.007619956980738,-7.345646598,-2.5963451133333333,101.62203983838734
mp-1202801,LiPO3,5.5832,2.346664763854643,-7.135393510700001,-2.701737629295238,1215.86885289899
mp-29195,LiPO3,5.722,2.435061437820981,-7.136383174833333,-2.702727293428572,703.0385066061369
mp-557189,LiPO3,5.7828,2.353890411744613,-7.1338721425,-2.700216261095238,1212.1365465148035
mp-1185263,LiPaO3,3.1954,5.89750883224152,-8.598911058000002,-3.339490445666668,80.52091246018041
mp-4995,LiSbO3,2.1379,5.4462318959327884,-6.294555521499999,-2.118194097166666,215.50013311485165
mp-752636,LiSbO3,1.4496,5.377765286043913,-6.205745034,-2.029383609666666,218.24375667597388
mp-756951,LiSbO3,2.9459,5.017345415144604,-6.235983737,-2.059622312666666,116.96062373991856
mp-770932,LiSbO3,2.8255999999999992,5.08523353797315,-6.278321590999999,-2.101960166666666,115.39919354575606
mp-1211104,LiSeO3,0.5306000000000001,2.618191499154925,-5.48385317,-1.434109698135416,339.6922687408509
mp-998230,LiSnCl3,0.0003,2.9480824422162133,-3.969960761999999,-1.677136137666666,130.6821218175454
mp-998591,LiSnCl3,3.4801,3.043778674764525,-3.9804789289999993,-1.687654304666665,253.14696632577648
mp-1105216,LiTaO3,3.7436,5.375939422972849,-8.701202891,-2.977256206133333,145.72326093272562
mp-1105280,LiTaO3,2.4709,7.296570199160666,-8.7388514435,-3.014904758633334,214.7308672182759
mp-1105326,LiTaO3,3.471899999999999,5.798583202136881,-8.5946519535,-2.870705268633332,270.2037363208662
mp-3666,LiTaO3,3.7003,7.452082824503236,-8.849305455000003,-3.125358770133336,105.12489484369374
mp-754345,LiTaO3,2.5608,6.703179903163183,-8.760660486,-3.036713801133333,116.86981919174188
mp-755231,LiTeO3,2.1534,4.891948409239831,-5.7299051425,-1.7506827875000002,247.8468270134616
mp-676210,LiTiCl3,0.0177,1.991078692731824,-8.476216890791665,-1.71986086695833,537.6464541027924
mp-1181180,LiUO3,0.391399999999999,5.858059667529093,-8.749329151000001,-3.140485972666666,166.0908285449962
mp-545712,LiUO3,0.4172,6.221225160327004,-8.748317654000001,-3.139474475666665,78.1976185374707
mp-8007,LiUO3,0.4431,7.667992251454383,-8.957352078999984,-3.348508900666648,126.88718923279944
mp-752607,LiVF3,2.5457,3.22650121790436,-6.366718601,-3.019841388666666,118.24506596419596
mp-752619,LiVF3,2.4089,3.194216146231122,-6.332621882,-2.985744669666666,119.44021064285688
mp-752764,LiVF3,2.654699999999999,3.5542032793873397,-6.393293879000001,-3.046416666666668,107.34272053522622
mp-752911,LiVF3,2.6241,3.326449515751989,-6.376011379499999,-3.029134167166666,229.3844217614181
mp-753024,LiVF3,1.976,2.179061460789815,-6.320171929,-2.973294716666667,175.08356519984343
mp-756643,LiVF3,2.4587,3.020088838817058,-6.311386476,-2.9645092636666672,252.65339511939445
mp-777551,LiVF3,2.8112,3.254195578655349,-6.374644575,-3.027767362666667,234.47751686904132
mp-777676,LiVF3,2.489,2.810372255258703,-6.341531127,-2.9946539146666677,271.50698533318666
mp-777893,LiVF3,2.0934,3.234790236468577,-6.3906481605,-3.043770948166666,471.7682711459684
mp-777894,LiVF3,2.7159999999999997,3.181383967722379,-6.3842221985,-3.037344986166666,239.84395044135243
mp-778509,LiVF3,2.7453000000000003,3.23939982622827,-6.3406433275000005,-2.9937661151666672,235.5484779962295
mp-782665,LiVF3,2.5628,2.942844402792522,-6.358289442375001,-3.011412230041667,1037.140391065542
mp-849502,LiVF3,1.355,2.921906629781427,-6.317487076555556,-2.970609864222223,1175.1438629504703
mp-1176521,LiVO3,0.000199999999999,3.35218185163503,-7.512539812,-2.345197421666667,104.89827015989523
mp-19373,LiVO3,3.0342,3.033697700712837,-7.595299084000008,-2.427956693666675,231.8214352176776
mp-19440,LiVO3,2.8357,2.393861855937532,-7.5945367915,-2.427194401166667,293.78309915898933
mp-723831,LiVO3,2.7113,2.582351285594247,-7.594536791500007,-2.427194401166674,272.33946013428664
mp-754098,LiVO3,2.0933,3.211854045482234,-7.483950119000001,-2.316607728666667,109.48133773155732
mp-763200,LiVO3,2.002999999999999,3.258063582794419,-7.5099917760000015,-2.342649385666668,107.92854975417988
mp-1176510,LiVS3,0.039899999999999,2.465479200984007,-5.822289908,-1.141285493166665,207.54724512131145
mp-34645,Lu4V4O13,0.3429,7.272252623941108,-8.728609499285714,-3.074044396507937,507.6552838822353
mp-1185485,LuAlO3,3.1252,8.346949970457588,-8.171755614,-3.549526354333333,49.72430953624188
mp-754435,LuAlO3,0.0002,8.259909025380914,-8.345041552,-3.722812292333333,100.49658482659083
mp-755358,LuAlO3,3.6479,7.273827011470189,-8.365620775,-3.743391515333333,114.12048248056117
mp-755574,LuAlO3,6.091399999999999,8.216249279040953,-8.406215403500001,-3.783986143833334,202.0612130517076
mp-756850,LuAlO3,3.711999999999999,6.697751032351873,-8.328935587333334,-3.706706327666666,371.8080788698567
mp-1222450,LuBO3,4.5157,6.830311479031603,-8.694018302,-3.485025854166667,113.66817285947047
mp-7560,LuBO3,5.3023,7.059129507739583,-8.778143964000002,-3.5691515161666683,109.98367787860556
mp-760461,LuBO3,4.2791,6.5969386013916544,-8.749382555,-3.540390107166666,117.68929086573688
mp-1176501,LuBiO3,3.1586,9.46935658189858,-7.506134075,-2.855013119333334,151.4912945230261
mp-772801,LuBiO3,2.3018,9.400974309080118,-7.475031207000001,-2.823910251333335,152.59323552308717
mp-1222293,LuBiTe3,1.104299999999999,7.260919716699134,-4.58699091,-1.018663021333333,175.35161681870088
mp-755471,LuCrO3,2.5313,8.695893111836789,-9.0573971395,-3.253673551833335,210.0228117255138
mp-22588,LuFeO3,1.6083,8.258442678612468,-8.4465166745,-2.879398338833334,224.2433578745118
mp-1185488,LuGaO3,3.027399999999999,9.095011277478337,-7.234115358333335,-2.755382060166668,53.43810750805216
mp-755342,LuGaO3,2.5134,8.019411365090507,-7.67745922,-3.198725921833333,121.21093888475164
mp-755792,LuGaO3,3.9739999999999993,8.887079570664806,-7.6441232365,-3.165389938333334,218.7536126207889
mp-768505,LuGaO3,2.8917,8.350153593190138,-7.698665589333334,-3.219932291166668,349.22964111405213
mp-21125,LuMnO3,0.448199999999999,8.19174681149193,-8.765617151499999,-3.06009999941954,225.3337197434038
mp-1105866,LuNiO3,0.099499999999999,8.93078999991922,-7.563221223499999,-2.534079793833333,209.4798371692059
mp-1185498,LuNpO3,0.049299999999999,10.320754811804411,-9.570101218,-3.107431188083334,74.00526393698391
mp-1205366,LuRhO3,1.0887,9.922030465179358,-7.958022456500001,-2.612046788833334,218.14931123596665
mp-772180,LuScO3,3.0848,6.817693970880811,-9.145822131333334,-4.006214216666667,391.5342710979174
mp-776593,LuScO3,4.606299999999999,7.321153565980165,-9.122406674,-3.982798759333333,243.07288147061357
mp-768293,LuSeO3,1.7049999999999992,6.614209923441077,-7.1159742635,-2.543677874302084,606.401787175432
mp-754597,LuTlO3,1.0776,10.18540535193216,-6.875757564500001,-2.528349047500002,278.6845902675024
mp-2767717,LuVO3,0.261099999999999,8.4541479423787,-17.378715599,-3.361304225583333,215.19981862324127
mp-755583,LuVO3,1.572499999999999,8.077266464533315,-9.013287189500002,-3.323391881833334,225.24094157379776
mp-757674,Mg17(SiO3)16,0.317099999999999,2.941698684820758,-7.461849213333334,-3.115859003765433,920.4032850501428
mp-1206514,Mg3AsN,2.281799999999999,3.611166352278549,-8.16520575,-0.896367267250001,74.42114156493827
mp-2647001,Mg3BiSb,0.1607,4.83337560715199,-2.878640086,-0.296550967,138.67855834589432
mp-1080847,Mg3SbN,1.623399999999999,4.223462046461523,-4.177674120000001,-0.705936314,82.0474083873499
mp-1210955,Mg6Te5O16,3.0835,4.519801002973039,-6.125998725555555,-2.249453331604938,1528.0870952609396
mp-1210834,Mg7(SiO3)8,0.2206,2.802002657640453,-7.544474454102565,-3.094041160128205,461.53969912248783
mp-729062,Mg7(SiO3)8,0.2745,2.8194056164751373,-7.545715371666666,-3.095282077692307,1834.763264981515
mp-33705,Mg9V10O24,0.920099999999999,3.87514435050141,-7.909219496976743,-2.693769381744186,476.5657868482606
mp-998358,MgAgF3,2.375099999999999,4.951780314335952,-4.79154036,-2.748547396333332,63.436080433127024
mp-998418,MgAgF3,2.1901,5.280776296610234,-4.806576408,-2.763583444333332,118.96793829688532
mp-1199652,MgBO3,0.188799999999999,2.642311523145424,-7.16188117775,-2.531132217583333,417.8595139301743
mp-2647164,MgCO3,4.8023,3.073357706338463,-7.268449153166667,-2.127382018166668,546.6588860031457
mp-5348,MgCO3,4.9603,3.025300863741853,-7.58309781,-2.442030674999999,92.55709187868769
mp-546079,MgCO3,5.4366,3.084978947238792,-7.205036176999999,-2.063969041999999,90.76659996550488
mp-755711,MgCoO3,0.164399999999999,4.352905594863571,-6.510295363500001,-1.7887414135,200.25535230021825
mp-1346485,MgCrO3,0.229299999999999,4.264870753147212,-7.61111737,-2.385637270000001,193.5850866746384
mp-2225290,MgCrO3,0.9534,2.72395947342236,-7.559965722000001,-2.334485622000001,75.77346345087477
mp-1279364,MgFeO3,0.2,4.083771894673067,-6.998651236500001,-2.0097763885,208.42994947102036
mp-1303831,MgFeO3,0.229499999999999,4.100057629308676,-6.998474354000001,-2.009599506,207.60205016957303
mp-752416,MgFeO3,0.1129,3.787819249982385,-6.936062445499999,-1.947187597499998,224.71514966344785
mp-1016827,MgGeO3,1.5499,4.682288444475782,-6.26025941,-2.040783233,51.40303697478925
mp-3047,MgGeO3,2.4744,5.2779370042791545,-6.6438068285,-2.4243306515,91.20375853022864
mp-3759,MgGeO3,3.633899999999999,4.764605969186327,-6.753412116999999,-2.533935939999999,101.02990576537422
mp-4575,MgGeO3,3.048999999999999,4.297680803345858,-6.77236448675,-2.55288830975,896.0510826234963
mp-4819,MgGeO3,2.5261,4.426262699821197,-6.77348626,-2.554010083,217.50525204727657
mp-29483,MgInBr3,2.2355,4.30963786597113,-3.334993822499998,-1.474897149833331,583.8730184385521
mp-770581,MgMnO3,0.6265000000000001,4.419545803881976,-7.416279121,-2.289005456586206,191.23146819271156
mp-1342607,MgMoO3,0.067899999999999,4.990059310663976,-7.832319317999999,-2.368318689999999,223.9447580855496
mp-675651,MgPS3,2.7986,2.303994842602907,-4.944037279999999,-1.052409944428569,218.3408527787415
mp-30943,MgPSe3,2.0382,3.88560064823108,-4.388379354,-0.8816437593348211,249.71224882379616
mp-769322,MgSO3,4.9221,2.712901206739214,-6.396531487,-2.2741813385,511.06165747636624
mp-769347,MgSO3,5.0797,2.792015009862193,-6.380499914,-2.2581497655,248.290174370196
mp-769397,MgSO3,5.009399999999999,2.839734892336902,-6.405517005000001,-2.2831668565,366.1767312400818
mp-1342178,MgSbO3,0.5657000000000001,5.251981473191789,-6.294361626500001,-2.1736907725,245.4308162618618
mp-1347225,MgSbO3,1.997199999999999,5.263511708376719,-6.334188657499999,-2.213517803499999,244.8931761482044
mp-1232175,MgScS3,0.080099999999999,2.281295228076674,-5.549591523,-1.474565071499999,240.86843499652247
mp-12271,MgSeO3,4.0013,4.425838297097966,-6.018788838000003,-2.024735936468753,227.0109625140416
mp-1016928,MgSiO3,2.9292,3.798717709629779,-7.143716374,-2.763782162,43.8830602686278
mp-1020115,MgSiO3,4.7633,3.028080834974024,-7.598188193,-3.218253981,880.8185370473699
mp-1020117,MgSiO3,4.7652,2.99287976023703,-7.59981809975,-3.21988388775,891.1783782826484
mp-1020118,MgSiO3,4.800600000000001,3.133463698335612,-7.592485359875001,-3.212551147875,851.1953505444209
mp-1020123,MgSiO3,4.6316,3.052970790018315,-7.5903141325,-3.210379920499999,873.6374877360022
mp-1020124,MgSiO3,4.8602,3.04868456115695,-7.600779998,-3.220845786,874.8657585325333
mp-1020125,MgSiO3,4.831,2.997791369517442,-7.59980997875,-3.219875766749999,889.7182633334282
mp-1020361,MgSiO3,4.7926,3.004147518035803,-7.600457427249999,-3.220523215249999,887.8358053691328
mp-1180468,MgSiO3,0.4428,2.07364730205721,-5.944687071500001,-1.5647528595,321.5577847395927
mp-1180703,MgSiO3,2.2265,3.065839292845121,-7.208485609999999,-2.828551397999999,217.49262407096256
mp-1181528,MgSiO3,3.050099999999999,2.580160385392563,-7.3105009675,-2.9305667555,516.8651038561686
mp-1182302,MgSiO3,3.273199999999999,2.671993516096853,-7.316306207249999,-2.93637199525,499.1010859598058
mp-1195746,MgSiO3,4.4998000000000005,3.054979234486786,-7.58934849275,-3.20941428075,436.5315647670951
mp-1196002,MgSiO3,4.5845,3.043437574694401,-7.594132940874999,-3.214198728874999,876.3740558702989
mp-1199778,MgSiO3,4.6372,2.984943609827008,-7.599094954250001,-3.21916074225,446.7738891853932
mp-1256030,MgSiO3,1.0261,3.156229793775328,-7.169120509,-2.789186296999999,422.5278109317631
mp-3470,MgSiO3,4.7797,3.217069600188835,-7.603293569250002,-3.223359357250002,414.5371506675578
mp-3547,MgSiO3,5.415499999999999,3.970648558474681,-7.393931073999999,-3.013996862,167.93161695400687
mp-4321,MgSiO3,4.5304,3.309471564110922,-7.591702607499999,-3.211768395499999,201.48154164904648
mp-4391,MgSiO3,4.642499999999999,3.959698965653851,-7.349852831,-2.969918619,84.1979956765026
mp-5026,MgSiO3,4.742100000000001,3.109610135512056,-7.602638963249999,-3.222704751249998,428.8623999297255
mp-530986,MgSiO3,4.6987,3.423695517262833,-7.50777940525,-3.127845193249999,1558.076480618438
mp-554137,MgSiO3,3.788599999999999,3.021422604296746,-7.50243952175,-3.12250530975,441.3797870132442
mp-556940,MgSiO3,3.937699999999999,2.978484282043063,-7.5017461325,-3.1218119205,895.4855821140897
mp-557803,MgSiO3,4.9148,3.177037384517528,-7.598332510000001,-3.218398298000001,419.7605203075135
mp-5834,MgSiO3,4.7002,3.080764037336584,-7.60310551825,-3.22317130625,865.7559289834046
mp-5924,MgSiO3,5.7928,3.671345043443368,-7.493899267000001,-3.113965055,90.81105492543924
mp-603907,MgSiO3,5.0422,3.429319202373175,-7.419682396499999,-3.039748184499999,194.44017702385625
mp-603930,MgSiO3,4.544399999999999,3.099698643643108,-7.601560761,-3.221626549,215.11685793979493
mp-642209,MgSiO3,1.4453,3.270574986890391,-7.161808967000001,-2.781874755,407.75547752521015
mp-642210,MgSiO3,4.308,2.466517580681851,-7.464681957000001,-3.084747745,540.679245915951
mp-642216,MgSiO3,5.1709,3.408932295766626,-7.485255032,-3.10532082,391.2060287080564
mp-642228,MgSiO3,3.1742,2.9725347365795702,-7.405008980124999,-3.025074768124999,897.2779016846998
mp-644879,MgSiO3,4.5951,3.154773368471996,-7.560144982500001,-3.1802107705,422.7228741338784
mp-657336,MgSiO3,2.5861,3.207417185465358,-7.321491688499999,-2.941557476499999,415.78466050652224
mp-657338,MgSiO3,4.3843,3.023802155026888,-7.477800413375,-3.097866201375,882.0648952475137
mp-772412,MgSiO3,4.953200000000001,3.410012884483659,-7.522253549625001,-3.142319337625,782.1641212147097
mp-1016820,MgSnO3,1.308399999999999,4.863389810713269,-5.963253124,-1.866468146999999,65.21888912494153
mp-1176491,MgSnO3,2.5629,5.608041580600432,-6.589533251000001,-2.492748274,113.11787770386655
mp-769348,MgSnO3,2.3909,5.562604010325774,-6.520117401999999,-2.423332424999999,228.0837393763739
mp-1016830,MgTiO3,1.909799999999999,3.517280185772856,-7.781427676,-2.907458666666667,56.73341366101276
mp-1345923,MgTiO3,2.3514,3.95355487598653,-8.153997927999999,-3.280028918666667,201.89153104024365
mp-3771,MgTiO3,3.529499999999999,3.892898936834596,-8.236905654999997,-3.362936645666665,102.5186191467851
mp-1210617,MgTlCl3,4.4363,4.527861565141662,-3.772317660999999,-1.862803554666668,491.4983577166352
mp-998739,MgTlF3,4.487,7.002339074670033,-5.024689225999998,-3.075989374666666,67.74716609914387
mp-1370061,MgVO3,0.6976000000000001,4.109948642226068,-7.7877612565,-2.6761094365,199.1778067480193
mp-27186,MgVO3,2.7895000000000003,2.9405875084614843,-7.880577794,-2.768925973999999,139.19166731988958
mp-1147661,MgVS3,0.4611,2.63064286357971,-5.789722837499999,-1.164408992999999,432.8756477405094
mp-1326513,MgWO3,2.438,7.484182255044539,-8.259686503000001,-2.373189851,227.32519104929565
mp-1017000,MgZrO3,1.0257,3.8453875714012353,-7.840343098,-2.835932366,70.61532784659279
mp-1333722,Mn13Fe11O32,0.4827,4.647198893103829,-8.267389961071428,-1.6493330991625612,657.6376534578762
mp-762538,Mn13Fe11O32,0.5327000000000001,4.657580146919481,-8.467912650357144,-1.849855788448276,656.1718486442347
mp-532236,Mn17Fe13O40,0.7313000000000001,4.619103089037007,-8.486992413857143,-1.861521329640394,826.8026540527798
mp-31239,Mn3(AgO2)4,0.6517000000000001,6.437336914968695,-6.453469400166667,-1.22403709153065,747.3269125382132
mp-704268,Mn3(AgO2)4,0.632599999999999,6.435950092798424,-6.4554612555,-1.226028946863984,2242.4638408934734
mp-705778,Mn3(AgO2)4,0.496399999999999,6.303014148052537,-6.433921216,-1.204488907363983,763.2531053604295
mp-1290512,Mn3Cr3O8,0.621699999999999,4.940919732312908,-9.113672616071428,-2.254467164199506,301.6628669522337
mp-861258,Mn3Si3O10,1.280399999999999,3.42042930830343,-8.495281115625,-2.667680489612069,397.1827779238004
mp-675297,Mn4P4O13,3.6706,3.609014678739973,-8.327795878333333,-2.488107862395028,1015.256409198857
mp-531419,Mn4V4O13,1.5289,3.687697456998455,-8.735535122619048,-2.197098050558292,1137.455194393243
mp-1222437,Mn5(FeO3)4,0.7605000000000001,4.645185036007991,-8.480206099285715,-1.85803022498358,493.361019010525
mp-758400,Mn5(FeO3)4,0.3225,4.701180425501415,-8.45768133857143,-1.835505464269294,487.4846348006124
mp-1222112,Mn5Cr4O12,0.1472,4.626722884286907,-9.07355066642857,-2.226036456888339,484.2786759413162
mp-1222248,Mn5Cr4O12,0.3132,4.654821568270958,-9.073300686666666,-2.225786477126435,481.355342946504
mp-1221657,Mn5V4O12,0.0199,4.77817515581212,-9.025574081904796,-2.286467758078851,465.996645946378
mp-1211172,Mn6Te5O16,0.8991999999999991,4.88417024082852,-7.342550522777778,-1.792328400589612,1664.0424096367783
mp-532522,Mn7V5O16,0.253099999999999,4.5564173728684825,-8.99743911,-2.257402914482758,652.5395205402717
mp-1258775,MnAlO3,0.9551,4.237535610098608,-8.093744239333333,-2.54344941191954,305.46087390949106
mp-1368992,MnAlO3,0.5506000000000001,4.298973249194269,-8.122675318,-2.572380490586207,200.7303070837377
mp-774250,MnAlO3,1.2511,4.425479034357374,-8.224187442,-2.673892614586207,97.49613700077629
mp-1278986,MnBO3,0.598599999999999,3.967412822876042,-8.5338120395,-2.39675402391954,190.43316385079183
mp-1289597,MnBO3,1.3314,4.17346945507131,-8.5457817935,-2.408723777919539,181.03091068377705
mp-25296,MnBO3,0.5716,3.015730413818371,-8.340365041333333,-2.203307025752873,187.8965140668545
mp-1106239,MnBiO3,0.0958,8.049140656477718,-7.383415411,-1.804228887586207,257.3938245834839
mp-1194603,MnBiO3,1.9010999999999991,8.108896012607493,-7.387102695,-1.807916171586207,510.9941217546845
mp-23477,MnBiO3,1.4751,8.011892827783502,-7.385154106,-1.805967582586208,258.5904657881425
mp-556711,MnBiO3,0.7774999999999991,7.468876016334211,-7.3154482555,-1.736261732086208,554.7820297592973
mp-1078473,MnCO3,3.080899999999999,3.420715449318076,-8.63006146,-1.982685269586208,223.19762703076924
mp-1180142,MnCO3,0.3706,2.03116193769495,-7.615902366999999,-0.968526176586208,187.94551947486116
mp-1180143,MnCO3,0.1568,3.466542042296881,-8.3878587325,-1.740482542086208,220.2470247640224
mp-1271783,MnCO3,3.7996,3.424436841759954,-8.6304542665,-1.983078076086208,222.95507445916132
mp-18814,MnCO3,3.2291,3.736292363626721,-8.660360827,-2.012984636586208,102.1728891545014
mp-690525,MnCO3,3.449,3.406176884268524,-8.578940629,-1.931564438586208,112.07515008417518
mp-546798,MnClO3,2.0431,2.245496154862825,-6.011179252,-0.840291030586207,204.6770351595788
mp-674482,MnFeO3,0.8193,4.844192803883177,-8.319443517249999,-1.824259613836207,435.4285158171741
mp-759744,MnFeO3,0.0017,4.811170906761292,-8.28910690325,-1.793922999836208,438.4171179541389
mp-1176435,MnGaO3,1.2823,5.227985590243382,-7.467511213,-2.060712347086208,109.68179486463096
mp-1106201,MnGeO3,1.1435,4.935536565209603,-7.849491123000002,-2.123705890586208,236.28735002760635
mp-20798,MnGeO3,1.6731999999999991,5.593280875660874,-7.861668011000001,-2.135882778586207,104.25051788767348
mp-643577,MnGeO3,1.307599999999999,4.80612996018636,-7.84675636875,-2.120971136336207,970.5978536731131
mp-28912,MnInBr3,1.6242,4.665187139885671,-4.437653639000001,-1.071247910919541,582.9885617523072
mp-1099572,MnInF3,0.001,4.706623724504216,-6.035342326,-2.50279309391954,79.9998764939565
mp-1422819,MnInF3,2.9034999999999997,4.71498499055919,-6.035298127999999,-2.502748895919539,79.85800960507555
mp-998241,MnInF3,2.476499999999999,4.699313223037958,-6.035291062000001,-2.50274182991954,80.12432855464112
mp-1193780,MnInO3,0.802999999999999,5.953378606697565,-7.340368717666666,-1.987354307586207,364.4210670563086
mp-2767681,MnInO3,0.283299999999999,6.206325120915772,-13.029117849,-1.993212647146549,349.5686323507978
mp-882825,MnInO3,0.9206999999999992,6.206457393557825,-7.342451350333334,-1.989436940252875,349.5611823090674
mp-1232516,MnPS3,1.029799999999999,2.717460661404438,-6.098327931,-0.7003915400147771,445.1147670502097
mp-8613,MnPS3,0.1562,2.799365878447004,-6.104991248,-0.7070548570147771,216.04569066551983
mp-510672,MnPbO3,0.5499,8.22079444169452,-7.187031201333332,-1.6433221259195392,375.8712283419961
mp-27818,MnSO3,4.1546,3.163607538351383,-7.5008767485,-1.872217544586206,566.8840743222142
mp-560522,MnSO3,3.339,3.332019111680299,-7.500705719333333,-1.87204651541954,403.6738695338799
mp-1199914,MnSeO3,3.3754,4.09000873059703,-7.143320381249987,-1.6429584243049442,590.79741054001
mp-1202364,MnSeO3,3.099599999999999,4.227080913289214,-7.151241891499987,-1.650879934554944,571.6395348681684
mp-22224,MnSeO3,2.8432999999999997,4.6768087554662365,-7.130987467,-1.6306255100549572,258.3349772746768
mp-1180172,MnSiO3,1.1731,3.567466242541827,-8.3885989212,-2.502355653786208,609.8634474858729
mp-1180212,MnSiO3,0.3329,3.190687224542594,-8.3125268194,-2.426283551986207,681.8804565771652
mp-1181218,MnSiO3,1.9295,3.408711321279282,-8.567243818200001,-2.681000550786208,638.2667983305516
mp-17766,MnSiO3,2.875499999999999,3.76830112745268,-8.6662115035,-2.779968236086207,461.88819584845714
mp-532143,MnSiO3,2.6502,4.16965051865004,-8.600073681125,-2.713830413711206,834.8583658931389
mp-560199,MnSiO3,2.959799999999999,3.759367343304468,-8.6752206598,-2.788977392386208,578.7322873198204
mp-5945,MnSiO3,2.6058,3.6015471515372592,-8.675314685857142,-2.789071418443349,845.7293596037858
mp-647680,MnSiO3,0.0422,3.472021295604248,-8.3748873332,-2.488644065786208,626.6284323257277
mp-1181816,MnSnO3,0.1836,4.142730086539196,-7.532897433,-1.929803400586206,177.68584537215784
mp-20569,MnSnO3,0.877599999999999,6.105962311348783,-7.686987345000001,-2.083893312586208,120.55503457779892
mp-691106,MnSnO3,0.2294,5.982512338715366,-7.664667747999999,-2.061573715586206,123.04270445239978
mp-1176417,MnTeO3,3.006299999999999,5.688807256183541,-7.1696906485,-1.73984980841954,269.1702663497081
mp-1210642,MnTeO3,0.362099999999999,5.797068219463988,-6.9738733585000015,-1.5440325184195411,264.1434784599895
mp-30528,MnTlCl3,1.2858,4.862515189362319,-4.8315689475,-1.415745785752875,499.51638204745547
mp-570290,MnTlCl3,1.1477,4.661371049938466,-4.826653406,-1.410830244252875,130.26778865164184
mp-570300,MnTlCl3,1.9323,4.8095376856776415,-4.855961184,-1.440138022252875,505.0186013250548
mp-998762,MnTlF3,2.6304,6.914697373767144,-6.051000195999999,-2.595991289252874,75.96225372325314
mp-1106224,MnVO3,0.3157,4.8728754228681534,-8.902717021499999,-2.284756146086208,209.74885247726263
mp-754318,MnZnO3,1.7946,5.734848867701465,-6.866778206000001,-1.813649822586207,97.48952847675996
mp-772528,MnZnO3,0.1204,5.731355844333344,-6.774189988000001,-1.721061604586207,195.097888591396
mp-1221539,MoBr3O,0.9067,4.31762576049231,-5.292150721499999,-1.151260577499999,540.9740629840984
mp-23528,MoCl3O,2.4544,2.61220738370171,-5.6742290745,-1.4063811715,555.075410379694
mp-1221516,MoHO3,0.7623000000000001,4.096455436985965,-7.48731844,-1.67037852725,117.51072688341688
mp-23396,MoNCl3,1.6768,2.747456650471394,-6.04119940200001,-1.09528815100001,522.9331863949631
mp-1247498,MoRuN3,0.094899999999999,5.258854000547135,-8.923859007,0.103118169999999,301.9051824614328
mp-1180300,NClO3,2.0014,1.73509610574965,-5.43081604,-0.424675328,93.27013631263736
mp-754712,NClO3,3.0976,2.041411572512792,-5.52773781300001,-0.521597101000009,317.0995060042593
mp-3347182,Na10Mg7Cl24,4.2397,2.070327358321973,-7.212993769634147,-2.030421468780488,4013.232217678557
mp-706847,Na17(WO3)19,0.9734,6.686503275100458,-8.098864878924731,-2.17362289084353,1190.9862328783713
mp-985586,Na3BrO,1.8815,2.93902544973586,-3.737887096,-1.615873120827586,93.15250142153528
mp-28602,Na3ClO,2.0299,2.2559230926403853,-3.861942745999999,-1.6976095178275852,88.63996781954468
mp-769398,Na3IO,1.6831,3.337904526906984,-3.551543312666667,-1.452116121494253,632.4153722168103
mp-1197951,Na3P3O10,0.9844,2.449499466025708,-6.702088286875,-2.342638726754156,872.8345532162427
mp-1305038,Na3V3O8,1.8293,3.079936387195552,-7.42459442,-2.363125235295566,377.1755254428863
mp-1094119,Na4Ge5O12,1.471799999999999,4.752182460594516,-6.148818039523809,-1.96512497050082,226.13209465169467
mp-759800,Na4Mn5O12,0.7189000000000001,3.788220047873716,-7.156853699761905,-1.892449336198686,489.7535111976845
mp-27310,Na4Sn3F10,3.5349,3.677660102831898,-9.73186277264706,-2.687418471470587,576.2062264670985
mp-530571,Na4Sn3O8,2.597999999999999,4.675351815294906,-5.861184429666666,-2.062565315034482,818.4286322003262
mp-29626,Na4Sn3S8,1.650599999999999,3.199286437268478,-11.069347968666667,-0.8848432061666661,731.4324129337376
mp-779703,Na4Sn5O12,1.41,4.830171038679119,-6.065712370714285,-2.028080254072249,603.343499144935
mp-754638,Na4Ti3O8,2.157,3.393571977781742,-7.422066222,-2.846263075034483,177.8944853619887
mp-555678,Na4Ti5O12,2.4744,3.72110954050869,-8.070145161904762,-3.107293959151615,233.51591589482908
mp-757853,Na4Ti5O12,2.9379,3.404576369470837,-8.061531002142857,-3.09867979938971,510.4531126331761
mp-760184,Na4Ti5O12,2.8184,3.338763699293093,-8.033866702619047,-3.0710154998659,520.5150054080505
mp-765721,Na4V3O8,1.858099999999999,3.547373280349704,-7.075872981333333,-2.262387023701149,348.99835663537
mp-1247933,Na5Mn7O15,0.4331,3.643692164827396,-7.258829799259259,-1.886158465459769,337.0149879426696
mp-764328,Na5Mn7O16,0.6104,3.83740798422572,-7.2685354725,-1.911032364729064,326.9254936913873
mp-765656,Na5V7O14,0.220799999999999,3.774030077806362,-7.738719459615385,-2.370742519111405,306.0273195272952
mp-554033,Na6Si8O19,4.611,2.408913918254159,-7.369584616212122,-2.96158073722048,1838.0631329036448
mp-1180115,Na8Si7O18,2.2576,2.12298720860129,-6.396778238787879,-2.221799737910136,522.8859046907262
mp-29176,Na8Si7O18,4.4437,2.9123674912647,-6.984326476060606,-2.809347975182863,381.1607190870926
mp-17868,NaAsO3,2.8628,3.4650536594977,-6.056050933666667,-1.8849056684425287,419.5407583073476
mp-23729,NaBeH3,0.9148,1.556932438137695,-3.200501326,-0.147174734025861,37.356573813701
mp-23054,NaBiO3,1.096399999999999,6.483681240488199,-5.595388328000004,-1.580260707275866,143.40569727537377
mp-1189541,NaBrO3,4.5929,2.128993930994647,-4.431377761,-0.866867695275862,470.7613416419403
mp-23339,NaBrO3,4.4812,3.423266816529206,-4.563571542,-0.9990614762758612,292.7753204813731
mp-608595,NaBrO3,0.080799999999999,2.322952866715489,-4.0650980855,-0.5005880197758621,431.4543156098146
mp-1120755,NaCO3,0.6623,2.226615596414948,-6.870565965999999,-1.7872486782758612,123.79553348782788
mp-727242,NaCO3,0.6705999999999991,2.229873118023532,-6.868757732000001,-1.785440444275862,247.2293722925607
mp-1078750,NaCaH3,1.9793999999999992,1.498962107056017,-4.6463881305,-0.452825835749999,146.43154147327678
mp-1078933,NaCaH3,3.312,1.446477696764361,-4.6404653985,-0.446903103749999,151.7447053882922
mp-4360,NaCdF3,3.482,4.507306172403917,-4.269607992,-2.660950373275862,141.76141001603943
mp-1180278,NaClO3,1.202199999999999,1.35009875561626,-4.3076190715,-0.7007897527758621,523.6635832390654
mp-1180505,NaClO3,0.622699999999999,1.56651298092634,-4.0187766135,-0.411947294775862,451.3193064474567
mp-23330,NaClO3,5.633199999999999,2.361654110725001,-4.6858530225,-1.082864028810345,299.3654104053254
mp-2720358,NaClO3,6.3141,2.5757206261379952,-4.690814744,-1.083985425275862,274.48534010952795
mp-555726,NaClO3,5.7061,1.862959747051154,-4.652248139,-1.045418820275862,379.5023232314643
mp-1078336,NaCoF3,2.2744,4.116776964867067,-5.435106413000001,-2.591767488275862,112.06779320672788
mp-21404,NaCoF3,2.9522,4.001342240631689,-5.440153471,-2.596814546275862,230.6016740543089
mp-17869,NaCuF3,0.080899999999999,4.130392555139203,-7.0708840335,-2.3130719495,230.8146690812994
mp-1078217,NaFeF3,2.2462,3.919068409713153,-5.848301255000001,-2.737641432275862,115.10438847491388
mp-505066,NaFeF3,1.8013,3.795052706073069,-5.847886417500001,-2.737226594775862,237.7315982829464
mp-13674,NaGeAu3,0.0512,12.15931056903851,-34.10458413825,-0.266376418249996,750.0484566210226
mp-608490,NaHgCl3,2.5331,3.820985976299457,-15.448088301500004,-1.170227544500005,573.5443358061943
mp-22989,NaIO3,3.6962,4.508908999382629,-4.860507161000002,-1.318583879275863,291.5189696258693
mp-559252,NaIO3,3.395599999999999,3.700006433939443,-4.727220109,-1.185296827275862,355.2514108029106
mp-3346580,NaMgCl3,5.270399999999999,2.25340600937127,-7.296823568,-2.058663398500001,679.3664858844925
mp-12948,NaMgF3,6.620699999999999,3.227720225613403,-6.897936206,-3.475622605,107.30644050924076
mp-2955,NaMgF3,6.7529,3.145550165009068,-6.9293372335,-3.5070236325,220.21913509636192
mp-560399,NaMgF3,5.9262000000000015,2.808171842953392,-6.887689431000001,-3.465375830000001,61.66915483455445
mp-23730,NaMgH3,3.103,1.521296713729862,-2.928579683499999,-0.297041661525861,219.6967429733817
mp-27176,NaMnCl3,0.272899999999999,2.647732668912183,-9.105281022,-1.764314634396551,231.15283364081068
mp-560242,NaMnF3,2.7474,3.589730569614404,-6.213123987999999,-2.964065348862068,249.6509950167216
mp-1173585,NaNO3,2.7742,2.099817011178254,-6.255033536,-1.350257228275862,268.85574931156384
mp-1220986,NaNO3,2.8579,2.27266052412962,-6.256889826,-1.352113518275862,62.10209025539654
mp-2767672,NaNO3,3.0097,2.353497613512432,-7.116720332,-0.994613893,479.7522399990449
mp-3346497,NaNO3,3.5713,2.354854615662652,-7.11548201525,-0.9933755762499992,479.4757792710996
mp-4531,NaNO3,2.9451,2.352073562532149,-6.267973277,-1.363196969275862,240.02135177682453
mp-674297,NaNO3,2.571399999999999,2.11673743654711,-6.258526455,-1.353750147275862,533.4132294446556
mp-1078295,NaNbO3,3.837399999999999,4.205102830362381,-8.099062602,-2.841680835275861,129.43938864437823
mp-1105765,NaNbO3,1.865,4.409082467416359,-8.07698637,-2.819604603275862,246.90213602096875
mp-1188528,NaNbO3,2.3501,4.529411164255803,-8.0993239475,-2.8419421807758622,240.3429142597092
mp-1189194,NaNbO3,1.660699999999999,4.318768925143931,-8.072661721500001,-2.8152799547758622,252.06532184664687
mp-1190015,NaNbO3,2.232599999999999,4.526921926431923,-8.0985596415,-2.841177874775861,240.47507264074596
mp-1194823,NaNbO3,1.7196,4.29465334735774,-8.077170566000001,-2.8197887992758632,1520.8843988781505
mp-1195803,NaNbO3,1.654799999999999,4.322393844410946,-8.076850097333333,-2.819468330609196,755.5617916483899
mp-1198142,NaNbO3,1.7321,4.356529072189154,-8.073842631500002,-2.816460864775863,1499.283297862638
mp-1199037,NaNbO3,1.7575,4.194097208407476,-8.05972384525,-2.802342078525861,519.1161887785881
mp-1199593,NaNbO3,1.6316000000000002,4.344075585218226,-8.069500855125,-2.812119088400861,1002.3876037534604
mp-1203293,NaNbO3,1.8049,4.362143096078,-8.0776337635,-2.820251996775863,1497.3537389130663
mp-1977728,NaNbO3,1.6644,4.318768370504101,-8.072796319,-2.815414552275862,126.03267710912635
mp-3136,NaNbO3,1.5249,4.222756528581366,-8.057865508,-2.800483741275862,64.44912652017267
mp-3671,NaNbO3,2.3565,4.517336614270683,-8.100463425,-2.843081658275861,481.9706707968925
mp-4419,NaNbO3,1.5604,4.3609392924035895,-8.071345507,-2.8139637402758613,124.81392265583447
mp-4514,NaNbO3,2.5048,4.472888253079711,-8.102204531999998,-2.844822765275861,121.69003756668432
mp-4681,NaNbO3,2.3684,4.507759326646763,-8.099796757,-2.842414990275862,241.4973383034404
mp-4748,NaNbO3,1.681,4.399581445185803,-8.075503793,-2.818122026275862,247.43532826035175
mp-558920,NaNbO3,2.4098,4.512102215045941,-8.100389332499999,-2.843007565775861,482.5297952992486
mp-559354,NaNbO3,2.0583,4.178075920844645,-8.0630368065,-2.805655039775862,260.55339819617905
mp-1078237,NaNiF3,5.1242,4.244555613225359,-7.537090186999999,-2.552293871,108.50646654527404
mp-35683,NaPF3,0.9889,1.704289927970735,-6.511507746242856,-2.122639599838094,108.11031678827725
mp-4734,NaPO3,5.208699999999999,2.651847224484299,-6.953712386916668,-2.633496923121101,510.7728274098804
mp-555118,NaPO3,5.081,2.576333377070539,-6.956924663500001,-2.636709199704434,788.6158193446041
mp-558192,NaPO3,5.158,2.679874284560059,-6.957885687166668,-2.637670223371102,505.43098701036615
mp-648053,NaPO3,4.8428,2.397279653205097,-6.926645526,-2.606430062204433,565.0118887456335
mp-648072,NaPO3,4.8406,2.263294751323275,-6.9066649305,-2.5864494667044333,598.4600564804748
mp-864891,NaPO3,5.1185,2.728509392289949,-6.965785797666668,-2.645570333871101,372.3163392445141
mp-1189520,NaPS3,1.988,2.053626689443856,-4.6998153905,-0.8659379022044321,485.6658878761321
mp-865120,NaPaO3,2.952,6.188465124898148,-8.586671646000003,-3.440691451275864,81.04148454461952
mp-1220961,NaPdF3,0.2924,4.470895679411334,-9.22368,-2.043136394,276.9313102646518
mp-20011,NaSbO3,1.4696,4.571165896744238,-6.064616287,-2.001695280275862,280.07343441656303
mp-22212,NaSbO3,1.274,5.416017515922947,-6.027857919000001,-1.9649369122758624,236.38441497374964
mp-4482,NaSbO3,2.7012,4.9687664196043855,-6.119753534000001,-2.056832527275863,128.83098377675014
mp-752755,NaSbO3,1.438,5.217487862409671,-6.082917435500001,-2.019996428775863,245.37903407747345
mp-760994,NaSbO3,2.2389,4.503248933558902,-6.054098247333333,-1.9911772406091952,426.4461561679336
mp-1197679,NaSeO3,0.333,2.899846966401582,-5.3135566525,-1.377253598244612,686.9175203566101
mp-728664,NaSeO3,3.097299999999999,2.487461221214992,-5.43349811975,-1.497195065494612,800.7986900801808
mp-3858,NaTaO3,2.6172,7.149405594053545,-8.6734985635,-3.062992296242529,234.06103598567563
mp-4170,NaTaO3,2.2603,6.799149457008522,-8.645744434000003,-3.03523816674253,61.52965494459861
mp-4675,NaTaO3,2.2798,7.044696123574571,-8.66415967,-3.053653402742529,118.77001155706728
mp-4699,NaTaO3,2.3891,7.095054121960283,-8.6701690055,-3.059662738242528,235.85405428360804
mp-676280,NaTaO3,3.4067,5.735240891882549,-8.5778496355,-2.967343368242528,583.5490824437464
mp-754818,NaTaO3,2.713899999999999,5.786157219214491,-8.586740757,-2.976234489742528,289.20701886028814
mp-5788,NaUO3,0.431,7.322682820773149,-8.782765256499982,-3.287362495775843,280.2986898886754
mp-1120756,NaVF3,2.020699999999999,3.623053234628042,-8.424366318,-3.017998288,240.0279752499301
mp-20572,NaVF3,0.6978000000000001,3.00292446557039,-8.33301641,-2.92664838,72.39893494667842
mp-1099591,NaVO3,0.216799999999999,3.767194412583095,-7.287729564,-2.233827591275862,53.74520795448292
mp-1101657,NaVO3,3.2243,2.558787975560403,-7.3867767055,-2.332874732775862,316.5071104649094
mp-19083,NaVO3,3.2386,2.928057867409888,-7.429649651000001,-2.375747678275863,276.591046048342
mp-555665,NaVO3,3.0358,2.9493958683390518,-7.423894173500001,-2.369992200775863,274.58999218475816
mp-763901,NaVO3,3.201699999999999,2.560685252381771,-7.386636209000001,-2.332734236275862,316.27260229803306
mp-3795,NaZnF3,3.7676,4.197440733306816,-7.12558551,-2.755012105000001,230.075798391036
mp-567731,Nb3Se10Br3,1.246999999999999,4.69158590840955,-5.429320049843749,-1.043453205996092,1851.857219032065
mp-679967,Nb3Se10Br3,1.221199999999999,4.438726649267712,-5.4258247921875,-1.039957948339843,3914.7025350753142
mp-571061,Nb3Se10Cl3,1.1681,4.436704622473163,-15.5431683703125,-0.8072219358203121,1758.601582147875
mp-759378,Nb3Tl3O10,0.271399999999999,7.442339529949819,-7.80001566828125,-2.368894323281251,938.769140324032
mp-1203481,NbAgO3,1.7362000000000002,6.418921738690091,-7.736745503749999,-2.179120357083332,514.8489876818318
mp-1205362,NbAgO3,0.9891999999999992,6.498195050477723,-7.725453274,-2.167828127333333,254.284099930991
mp-1220387,NbAgO3,1.024299999999999,6.458777991663299,-7.722826699,-2.165201552333332,127.91798090285629
mp-12725,NbAgO3,1.3336,6.339902420894476,-7.705405074,-2.147779927333332,65.1582457381741
mp-2349989,NbAgO3,0.9214,6.029416907730857,-7.7094861030000015,-2.151860956333333,137.02715410739583
mp-5537,NbAgO3,1.4737,6.432648662768679,-7.73781684325,-2.180191696583333,513.7503278083724
mp-557680,NbAgO3,0.8148999999999991,6.034482045823357,-7.705599766000001,-2.147974619333333,136.91213819505973
mp-1220556,NbBr3O,1.9457,4.123225137861524,-5.811502866,-1.819481736,561.5928537936711
mp-606393,NbBr3O,1.9659,4.169097179610413,-5.8114676885000005,-1.819446558499999,555.4137196249857
mp-27815,NbCl3O,2.401799999999999,2.95253697796939,-6.242557778,-2.123578889,484.2690601611291
mp-556422,NbCl3O,2.8075,2.889427806415289,-6.248637615,-2.129658726,494.8461782771093
mp-17272,NbCuO3,0.959,4.863962376053679,-8.108456083499998,-2.2995771384999992,279.1947379777856
mp-33932,NbHO3,2.6221,3.996227663583836,-8.142377935499999,-2.474307036749999,235.8737322671157
mp-626528,NbHO3,2.531,3.9230035339077913,-8.130934746,-2.46286384725,240.27639176242727
mp-626536,NbHO3,0.0005,3.936115947309616,-8.097281327000001,-2.429210428249999,239.4759571660732
mp-546285,NbI3O,0.8196000000000001,4.829900367280732,-5.329622354999995,-1.405361576999995,336.66607214499976
mp-1094112,NbOF3,4.2198,4.249599734719855,-7.243783770999999,-3.0856191369999992,129.6522456774678
mp-1101450,NbOF3,2.0803,3.93084492513063,-7.362589064,-3.204424429999999,70.08291592913585
mp-2767167,NbOF3,4.1307,3.162493283695412,-7.401245234499998,-3.243080600499998,348.4403598119172
mp-753785,NbOF3,3.2629,3.260211210654867,-7.417287042,-3.259122407999999,337.99659791129244
mp-753800,NbOF3,3.6991,2.854515673207944,-7.439616343500001,-3.2814517095,386.03406806143937
mp-760762,NbOF3,3.7013,4.11339065136636,-7.450987040999999,-3.292822406999999,267.8909909292388
mp-762371,NbOF3,3.9131,3.50602957156509,-7.364015826499999,-3.2058511925,314.2986318799631
mp-23498,NbSeBr3,0.736399999999999,4.445273497842308,-4.9629368295,-1.26132560496875,614.9830639574155
mp-570270,NbSeCl3,0.7559,3.435255849351811,-12.7464392275,-1.245848912812499,537.9559870590768
mp-541817,NbSeI3,0.627,5.038374970655778,-4.486534377999999,-0.852683505468748,728.4732351623243
mp-28038,NbTeBr3,0.5947,4.753580780623357,-4.806260205000001,-1.175170097333334,643.0609971097618
mp-540924,NbTeI3,0.457799999999999,5.209114433685061,-4.333631542999998,-0.7703017873333311,766.6170222348449
mp-1101462,NbTlO3,0.9465,7.374686230491849,-7.915106496000002,-2.451774461666669,621.9806468162132
mp-757636,NbTlO3,0.955,7.369601272493677,-7.91647763725,-2.453145602916668,622.4098078179816
mp-977408,NbTlO3,0.1116,8.267313088456405,-7.82580354,-2.362471505666668,69.35312692633802
mp-531163,Nd12Zr12O37,0.1867,6.097432436358678,-9.231272235737706,-3.610538892540983,930.7209591848144
mp-1173621,Nd20Mn20O59,0.020299999999999,6.541118337171066,-8.714261906969696,-2.951302777814351,1250.9198877327035
mp-1211058,Nd5(BO3)4,0.257399999999999,6.0382018949839,-8.456139720238095,-3.221195134246031,1052.1127343184282
mp-14254,NdAlO3,2.863600000000001,6.984787972938765,-8.31650052,-3.644979264499999,104.23401901492896
mp-5899,NdAlO3,4.353999999999999,6.88471376219763,-8.343991437,-3.672470181499999,105.74913460950464
mp-13514,NdBO3,5.0694,5.593021400048572,-8.7238331995,-3.465548755833333,241.1393956884068
mp-7238,NdBO3,4.6987,5.757600290860531,-8.725190766,-3.466906322333334,234.24651458020253
mp-1188683,NdBS3,2.3963,4.091180436866916,-6.318623375,-1.546676906833332,407.9087938977532
mp-20031,NdCoO3,0.7914000000000001,7.5893615624873885,-7.791900061999999,-2.442810628499999,54.95630053384298
mp-19062,NdCrO3,1.904,6.826963263257871,-8.851744172,-2.9987285885,59.40619598973787
mp-19269,NdCrO3,2.54,7.009167420076486,-8.994858331500001,-3.141842748000002,231.4476988922669
mp-1173386,NdCuO3,0.122999999999999,6.996560600353201,-7.1255943425,-2.383346918999999,242.82958559708263
mp-1180433,NdFeO3,1.428,5.7420663323547885,-7.8866556665,-2.2702453350000003,286.9734639769192
mp-20407,NdFeO3,1.7349,6.880891673755685,-8.392816302,-2.776405970499999,239.47778048389097
mp-3196,NdGaO3,3.452499999999999,7.258699431487926,-7.581744754000001,-3.053719460000001,239.71243428239345
mp-1186316,NdInO3,1.646799999999999,7.103770977716351,-6.937201969999999,-2.462961131833332,71.77626339859677
mp-755138,NdInO3,2.653299999999999,7.445036964779801,-7.347325158499999,-2.873084320333331,273.9447173906445
mp-1209937,NdLuO3,4.8869,8.54619906883572,-8.756736309999999,-3.929992729833333,285.39559924848294
mp-1080801,NdLuS3,0.805199999999999,6.018697699146912,-20.713805238,-2.393805068520831,229.2172177112924
mp-1205870,NdLuS3,0.700499999999999,5.785366678690302,-20.576763731,-2.25676356152083,238.46183266574303
mp-13327,NdLuSe3,0.4956,7.110119240815493,-24.273570533,-2.18705656127083,259.74459154094785
mp-1232174,NdMgS3,0.2931,3.170773991166831,-5.283548328,-1.521386210999998,554.5831204551301
mp-20852,NdMnO3,1.898,6.966899940186665,-8.71828796,-2.963478812086206,235.65668274841263
mp-4582,NdRhO3,0.6487,8.044591808528452,-7.890430087500007,-2.495162424000007,243.69214839187956
mp-31117,NdScO3,4.3025,6.0516723205399074,-9.0853638885,-3.896463977999999,260.34020981921844
mp-1105614,NdScS3,1.859299999999999,4.247595642942788,-15.280555141,-2.296833537187498,446.28172692860926
mp-1197152,NdTmS3,0.638999999999999,5.9928615103626015,-20.11649243975,-2.388258648937497,907.4488182593524
mp-541129,NdVO3,1.034099999999999,6.769493593782093,-8.9602356215,-3.221048318000001,238.6073389614317
mp-756246,NdZrO3,0.0509,6.064921553203231,-9.195393211,-3.5634469955,310.4431765214905
mp-998429,NiAgF3,0.761,5.837581960504137,-10.305108070000005,-1.761972439000003,127.18444673047424
mp-25096,NiBiO3,0.3548,8.757667012498013,-6.2361217595,-1.3333109585,239.4179579943805
mp-572987,NiSeO3,3.0748,4.511954129829118,-6.013126794625,-1.189140560093749,1093.2087541890753
mp-754654,NiSnO3,1.7717,6.479306138127836,-6.652262607,-1.725544296999999,231.0668176468014
mp-1209810,NiTeO3,2.5735,6.495452555279583,-6.125591271,-1.372126153333333,239.58321700617805
mp-1209979,NiTeO3,0.144199999999999,6.189984638537937,-5.8845709830000015,-1.131105865333333,251.4063458923953
mp-1189731,PBr3O,3.088899999999999,2.669327311270317,-4.309448914,-1.254594086928571,713.3661118373668
mp-558645,PBr3O,3.0735,3.231495050606776,-4.309834908000001,-1.254980080928571,589.2652210327993
mp-556383,PCF3,3.2358,1.990234018376031,-7.031301526428571,-1.365822456023808,1668.3480336961156
mp-2015815,PCl3O,4.4928,2.004851212845709,-4.768834681500009,-1.5870220954285812,507.99589223548975
mp-27277,PCl3O,4.4681,1.7261840533509711,-4.765678326,-1.5838657399285712,590.0043965137276
mp-2766955,PCl3O,5.3414,1.589417784243965,-4.750281721000008,-1.568469134928579,640.773112497547
mp-753611,PCl3O,4.5483,1.483014023190552,-4.7597226070000005,-1.577910020928571,686.7475052446612
mp-1179877,PNO3,0.2711,1.398668278442896,-6.754508294999999,-1.034981437928571,883.0954586777689
mp-1197085,PNO3,0.6745000000000001,1.590378661375911,-6.640372720499999,-0.9208458634285712,776.6437232130503
mp-1198759,PNO3,0.080999999999999,1.71191552888157,-6.2546231685,-0.5350963114285711,721.50616315545
mp-1200596,PNO3,0.3045,1.338709594717894,-6.00861189825,-0.289085041178571,922.647906434001
mp-726260,PNO3,1.807599999999999,1.864340353943208,-6.802717233999999,-1.0831903769285711,331.25861441478
mp-20199,PPbS3,2.3061,4.659023174000384,-5.033612315499999,-0.725549568928569,476.69425217727553
mp-20316,PPbSe3,1.664499999999999,5.8869263836214,-22.0560751285,-0.411696905532741,535.998094170855
mp-977455,PaAgO3,0.915,7.996811026447928,-8.276618826000014,-2.8303952513333472,80.34031925623562
mp-540540,PaBr3O,1.749,5.196213010825605,-6.42281491,-2.542195351999999,311.0968978051449
mp-862832,PaTlO3,2.6427,9.576684616602671,-8.519211286000004,-3.167280823666671,83.82164361680597
mp-1105697,PbCO3,3.3642,6.271347965135263,-7.364302346,-1.806799799999999,283.0082590600712
mp-19893,PbCO3,3.3293,6.604025394102395,-7.366265239500001,-1.8087626935,268.75173301996114
mp-20507,PbSO3,3.6415,6.15746392260508,-6.2557454225,-1.7169598629999991,309.8754760026049
mp-21190,PbSO3,3.2251,6.19443377816386,-6.254194124,-1.715408564499999,154.01303269333644
mp-20716,PbSeO3,2.8909,6.986607973794549,-5.866225149000002,-1.455736836468751,158.8418149711553
mp-630329,PbSeO3,3.367199999999999,6.951557214292642,-5.867063024500001,-1.45657471196875,638.5708737419326
mp-545482,PdSeO3,1.0589,5.0106199066219,-5.736829246,-1.032893985468749,154.68489951937246
mp-546684,PdSeO3,0.8236000000000001,5.109730520104486,-5.732160562000001,-1.02822530146875,151.68456217720995
mp-1186557,PmErO3,1.695799999999999,7.703569739272002,-8.14394997,-3.311521140499999,77.65505796283766
mp-1186597,PmInO3,1.6185,7.17178954663811,-6.906561624,-2.435841807833333,71.27102965144373
mp-1232288,PmMgS3,0.2109,3.229728073255958,-5.29014272,-1.531501624999999,273.0094374402526
mp-3466,PrAlO3,4.1325,6.694744446690226,-8.332834386999995,-3.655848326333328,107.09578105965994
mp-8218,PrAlO3,2.8792,6.74964059796787,-8.314810974,-3.637824913333332,106.22475005987332
mp-861504,PrBO3,4.6526,5.542315602904406,-8.710246637500001,-3.446497388666666,239.34951052552847
mp-862754,PrBS3,2.4441,3.96788955659386,-6.328215389,-1.550804115666665,415.0017737104433
mp-1105822,PrCrO3,2.0419,6.837139433917559,-8.980136609499999,-3.121656220833332,234.03185092916053
mp-19353,PrCrO3,1.847,6.812662166642102,-8.86211335,-3.003632961333333,58.71817644999847
mp-1199144,PrErS3,0.6393,5.808271668244679,-19.8706978315,-2.384397188187498,924.8304558905144
mp-22341,PrFeO3,1.0793,6.705028763705313,-8.378956726,-2.757081589333333,242.4558416265244
mp-4535,PrGaO3,3.3909,7.093367763086663,-7.567501808999999,-3.034011709833333,242.1773823202712
mp-1105130,PrInO3,2.633599999999999,7.265107067968361,-7.3359782035,-2.856272560166665,277.68087306341386
mp-21872,PrLuO3,4.8757,8.530176157036786,-8.746118878999997,-3.913910493666665,283.33533637597355
mp-1078537,PrLuS3,0.784999999999999,5.904416369209879,-20.708853522,-2.391663875354166,231.7782856755934
mp-1206692,PrLuS3,0.7198000000000001,5.633918482176531,-20.556846728000004,-2.239657081354167,242.90651494156575
mp-13326,PrLuSe3,0.4935,6.987287394207647,-24.273439044,-2.189735595104165,262.7259017084971
mp-1232298,PrMgS3,0.1745,3.057257539341618,-5.2816790065,-1.514052084333332,567.9307150899408
mp-2901879,PrMgS3,0.907099999999999,3.79494295726594,-13.084774142,-1.549699815020832,228.7663451183097
mp-22564,PrMnO3,0.057,6.81260699932876,-8.703889929000002,-2.943615975919542,237.7429455944275
mp-4789,PrRhO3,0.6013000000000001,7.844914415455231,-7.872002894000007,-2.47127042533334,247.07173136147836
mp-559756,PrScO3,4.2605,5.893649056518227,-9.0729051085,-3.8785403928333313,263.56275255678537
mp-1189962,PrScS3,1.8377,4.151048981637531,-15.276447831,-2.295536750020829,451.3261716177129
mp-1200190,PrSiP3,0.2568,4.035441187405879,-5.9729421170000006,-0.679500104119046,862.1989673730549
mp-1201800,PrTmS3,0.648099999999999,5.874575919442772,-20.11143266,-2.386009392020832,918.1804137086366
mp-1209329,PrVO3,1.301599999999999,6.648298263782472,-8.9472159065,-3.202563797833333,239.62576821509148
mp-530885,Rb16Sn16F47,0.9131999999999992,4.192072832329439,-4.895039817848101,-2.745764419556961,1647.7433610717617
mp-1209453,Rb3Au3Br8,1.1387,5.298073615787239,-3.046033912857146,-1.19897530589286,931.8291130158728
mp-27301,Rb3Au3Cl8,0.8124,4.62070097102952,-3.361364147142857,-1.393393388749999,812.8414517297794
mp-1209502,Rb3Au3I8,1.0785,5.05139935585361,-2.713462329999999,-0.930937391607142,1224.539314291361
mp-4405,Rb3AuO,0.197899999999999,4.660879718495778,-3.048704132,-0.8160150875000001,167.2229752673024
mp-1202870,Rb3B3O10,0.0188,2.681545346054268,-6.14453082125,-1.6158190975,1111.7476190725158
mp-30055,Rb3BrO,0.3851,3.559934815422609,-3.405707554,-1.500405602499999,164.33424631663758
mp-754892,Rb3ClO,0.4794,3.016855778920252,-3.500376681999999,-1.552755477499999,169.45012298942564
mp-755428,Rb3ClO,1.223399999999999,3.4542077425604383,-3.541824264000001,-1.594203059500002,591.9812829791914
mp-756979,Rb3ClO,0.9366999999999992,3.124001750829412,-3.5266640545,-1.57904285,654.5535163591668
mp-772199,Rb3ClO,0.6119999999999991,2.990250703240124,-3.500219983,-1.5525987785000002,1025.7466015651569
mp-29019,Rb3IO,0.633999999999999,3.732550007355596,-3.285031565666666,-1.402316398166666,1065.86433420431
mp-1204746,Rb3P3O10,0.9204,2.884956626931204,-6.6746677096875,-2.382940656964286,586.3128530649803
mp-29827,Rb4Hg5Te13,0.868799999999999,5.845303868133963,-2.750035308295454,-0.6439683496212131,3413.085414469792
mp-24662,Rb4Mg3H10,3.653699999999999,2.493141733436642,-2.84003448617647,-0.324433855441176,565.9573359930504
mp-1210190,Rb5(Pb3Cl8)2,0.0209,4.614200359255451,-3.855011385185185,-1.7529655487962952,1610.6507940323677
mp-674972,Rb6Pb5Cl16,3.1422,4.303696440460514,-3.8697373961111112,-1.86888093,1632.917986237179
mp-1209439,Rb8Ta6O19,3.4925,5.368405594137464,-8.179814901212122,-2.9356604487575773,641.3435041313713
mp-27300,RbAuBr3,0.7293000000000001,5.075649373663879,-3.018250016999999,-1.185198881499999,341.6486760124486
mp-568666,RbAuI3,0.7061000000000001,5.230695886886685,-2.675341360999999,-0.9100505774999992,421.0463837972993
mp-9047,RbBS3,2.4085,2.668265249668954,-5.031868422499992,-1.017444626333323,479.1281739873625
mp-10552,RbBSe3,1.6569,3.819179354541516,-4.462325289000001,-0.832793233739582,579.4157869268114
mp-975031,RbBeH3,3.3379,1.6549314477572432,-3.172712765499999,-0.191623514749999,391.3367471080434
mp-677028,RbBiF3,1.3584,5.262176762853506,-4.658075653999999,-2.5356505525,221.8038418851769
mp-28872,RbBrO3,3.9953,3.9846923411126793,-4.545229842,-1.052957117499999,88.91758517584954
mp-31271,RbCO3,3.9411,2.905268685748301,-6.7352210382500015,-1.72414109175,665.1907820163016
mp-1209227,RbCaBr3,4.0839,3.212657664168919,-3.839853948,-2.2604592365,188.79224295977733
mp-1209238,RbCaBr3,4.626,3.443646614513652,-3.8635154679999983,-2.284120756499998,704.5146197337431
mp-998198,RbCaBr3,4.0722,3.203440367813513,-3.839356738,-2.259962026499999,189.3354570837068
mp-998536,RbCaBr3,4.2996,3.552381521262567,-3.8635979855,-2.284203274,682.9501196873715
mp-2043957,RbCaCl3,5.981999999999999,2.516288796845463,-4.319578236999999,-2.613225766499999,306.0753444634993
mp-2795318,RbCaCl3,4.9656,2.406155813063203,-4.3093358120000005,-2.6029833415,160.04241206716253
mp-998197,RbCaCl3,4.9577,2.476428343194014,-4.306492394,-2.6001399235,155.50095814013636
mp-998324,RbCaCl3,5.3844,2.523313970760944,-4.319587392,-2.6132349214999997,305.2231982181201
mp-3654,RbCaF3,6.3971,3.42984602336079,-5.462588439999999,-3.717050224499998,88.37611823763214
mp-23949,RbCaH3,3.2736,2.310424238625596,-3.11397772,-0.47965106625,92.40505411028693
mp-998325,RbCaI3,3.4334,3.511476336195656,-3.280889729999999,-1.769255370499999,239.40448846704476
mp-998592,RbCaI3,3.598499999999999,3.938739795598335,-3.326797016,-1.8151626565,853.7382408155224
mp-27400,RbCdBr3,2.7536,4.536791354845082,-2.930630723999999,-1.560353950499999,640.6612618927102
mp-23390,RbCdCl3,3.5562,3.661790227997025,-3.317302857,-1.8200683244999991,551.8598510355168
mp-6951,RbCdF3,3.1745,4.884729257302883,-4.233329819999999,-2.696909542499998,86.64313367399816
mp-23011,RbClO3,5.3288,2.932751092377686,-4.678860798,-1.1442688205,95.64282469113216
mp-30027,RbCrCl3,0.5095000000000001,2.966949292635343,-4.975830422499999,-1.739988433999999,545.8501792217413
mp-568864,RbCrCl3,0.399,2.839136310673362,-4.973847344,-1.7380053555,570.423405540088
mp-568887,RbCrCl3,0.119499999999999,2.920825608196409,-4.967128819,-1.7312868305,277.2349363450797
mp-1206325,RbCrF3,0.9717,4.043053107790656,-6.16967071,-2.8946429765,79.86710531326781
mp-27442,RbCrI3,0.168499999999999,4.206712450178756,-4.0415208085,-1.000396931,818.1720779552074
mp-23055,RbCuCl3,0.185899999999999,3.273753661866938,-3.610672767999999,-1.485598939499999,518.1287961724032
mp-1206801,RbEuCl3,0.454199999999999,3.155407535131539,-5.910670828,-2.5478159505000013,180.92054600923964
mp-1206560,RbFeCl3,0.360199999999999,3.319808711307963,-4.5150085220000005,-1.515771785499999,247.76650425325687
mp-1120721,RbGeBr3,3.123799999999999,3.676821054512166,-3.5211805965,-1.418300289999999,359.3295999849223
mp-28558,RbGeBr3,1.9851,3.706940248343305,-3.519707474,-1.4168271675000002,712.8200349732962
mp-1120729,RbGeCl3,2.5704,2.777474781767195,-3.902282503499999,-1.672444437999999,632.4557199965224
mp-27369,RbGeCl3,3.7529,2.816279614913085,-3.921218277,-1.691380211499999,311.8706330814683
mp-567855,RbGeI3,2.1987,4.382072002010617,-3.065395050999998,-1.030275096499998,816.7220152541115
mp-571458,RbGeI3,0.554,4.3243577462647504,-3.057070348000002,-1.021950393500002,206.9055618468492
mp-7482,RbHgF3,0.6454000000000001,6.050618361720007,-3.636118127999998,-2.229765481,94.14788543919498
mp-1179783,RbIO3,0.407999999999999,2.355550734454983,-3.848607274,-0.378921333499999,183.5474527888017
mp-27193,RbIO3,2.8369,4.684210199306742,-4.8422154840000005,-1.3725295435,92.3005840532074
mp-1110737,RbInBr3,1.3264,3.891822753991732,-3.229154639,-1.499045154833333,375.4711261547887
mp-1114001,RbInCl3,1.677299999999999,3.110321793379116,-3.626095886999999,-1.769028643833332,327.42314383910946
mp-1110662,RbInF3,2.4848,4.3224842463490365,-4.627204055999999,-2.730951067833332,197.67575458300075
mp-27208,RbMgCl3,4.7503,2.774030074569228,-3.908508911999999,-2.277182414499999,517.507435445248
mp-662499,RbMgCl3,4.6099,2.804963512700363,-3.906933549999999,-2.275607052499999,767.7004620050823
mp-541813,RbMgF3,6.6666,3.990498651165317,-5.172563004,-3.5020507615,416.3762264433625
mp-559523,RbMgF3,2.2015,2.801006777464857,-4.609099074666667,-2.938586832166666,593.1969830874103
mp-8402,RbMgF3,6.9384000000000015,4.147324482786284,-5.178353630333333,-3.507841387833333,66.77191431471459
mp-23738,RbMgH3,2.540499999999999,2.6216685563204,-2.884899170666666,-0.325598489916666,428.6656151988668
mp-568231,RbMnBr3,1.2358,3.963416751410141,-4.543790978666667,-1.533113184752874,955.5399878525552
mp-569309,RbMnCl3,1.3133,3.114640125663711,-4.961344522000001,-1.823708969086208,789.3611759695846
mp-558749,RbMnF3,2.943699999999999,4.323308649455128,-6.190304176,-3.013482878086206,75.81974583115912
mp-1219584,RbNO3,3.0415,2.569493493874137,-6.253632308,-1.4210933415,95.3044559913476
mp-13658,RbNO3,3.1172,3.267970942912767,-6.236083325000001,-1.403544358500001,149.86925152321862
mp-2039551,RbNO3,3.6119,2.469273834509157,-9.20014106,-1.00469846925,99.17254870019708
mp-2211747,RbNO3,3.6337,2.869399228885623,-9.231679808,-1.03623721725,85.3433628690583
mp-38220,RbNO3,3.0358,2.689609684859149,-6.230497723,-1.3979587565,182.0964439454017
mp-5073,RbNO3,3.248199999999999,3.248049718928205,-6.236590271111111,-1.404051304611111,678.5479925443076
mp-614951,RbNO3,3.1337,2.5321111835356973,-6.214186574888888,-1.381647608388888,870.4031761296334
mp-752446,RbNO3,2.981499999999999,2.414395970448158,-6.232598406,-1.4000594395,101.42668501949434
mp-1075911,RbNbO3,1.3563,5.458641230108817,-7.941458901999999,-2.756314476499999,68.86332417595558
mp-3283,RbNbO3,3.3093,4.243448231713888,-8.024195444,-2.8390510185,354.33464490495084
mp-756063,RbNbO3,2.8197,4.282909210134933,-7.9998760765,-2.814731651,351.06995002341193
mp-27409,RbNiBr3,0.4723,4.365096884934357,-3.600229622,-1.2659275505,292.0606172205687
mp-23486,RbNiCl3,0.7089000000000001,3.35508490248867,-4.01275916,-1.5514993295,247.98095497605672
mp-556488,RbNiF3,4.6929,4.766652435548675,-5.116213329999999,-2.6157677544999998,420.4561769345898
mp-1179733,RbPO3,0.0949,2.53331172049646,-5.750318730999999,-1.502340608428571,1293.446740221424
mp-4135,RbPO3,5.1119,3.306534152028769,-6.929038704749999,-2.68106058217857,330.3261195543584
mp-548658,RbPO3,4.5235,2.763499679452859,-6.877258202999999,-2.62928008042857,197.61800656873496
mp-616587,RbPO3,5.0926,3.073442794292052,-6.926567784249999,-2.6785896616785703,710.7564179441404
mp-9138,RbPO3,4.7607,3.107660409128505,-6.917475896249999,-2.66949777367857,351.4652348774249
mp-556953,RbPS3,1.8376,2.500040790174273,-4.741105191999996,-0.979465044928566,282.46844577595846
mp-571464,RbPSe3,1.122999999999999,3.757298610076806,-4.181909743666667,-0.8051613375014881,936.9033196344336
mp-1206844,RbPaO3,3.000999999999999,7.197670044615942,-8.604355962,-3.5306131085,84.09243655756401
mp-998176,RbPbBr3,1.7508,4.126661790570243,-3.493827592,-1.573023442499999,214.2258079372513
mp-998603,RbPbBr3,2.8211,4.807117123153489,-3.533220957000003,-1.612416807500002,367.8035851927661
mp-1209191,RbPbCl3,2.1963,3.534781906107159,-3.8761675959999993,-1.8284056874999992,187.45133578838053
mp-998604,RbPbCl3,3.263,4.124138005352904,-3.914520416000002,-1.866758507500001,321.3275545873426
mp-998605,RbPbCl3,2.1948,3.54777971520058,-3.876387829999999,-1.8286259214999991,186.76458044490604
mp-1173075,RbPbF3,3.4164,4.730691527519799,-4.744235088,-2.657287434499999,245.4732396767127
mp-1179717,RbPbF3,4.017,5.142226455367457,-4.8500922785,-2.763144625,451.6557896664936
mp-1540546,RbPbF3,3.8194999999999992,5.681608063675272,-4.865931515,-2.778983861499999,204.38899729740888
mp-21043,RbPbF3,3.044499999999999,5.052775839610082,-4.831842524,-2.744894870499999,114.91289263893754
mp-2767545,RbPbF3,4.5758,5.71438088197405,-4.8729270410000005,-2.785979387499999,406.4335924245572
mp-605350,RbPbF3,3.996,5.641083307656563,-4.8104920635,-2.723544409999999,411.7145987173428
mp-674508,RbPbF3,3.7853,5.675287896070846,-4.865671278000002,-2.7787236245000013,204.61661089923413
mp-23517,RbPbI3,2.4518,5.047056938770783,-3.088990617500002,-1.235946820000001,886.2002703632756
mp-3404,RbSO3,5.0206,2.879475505870826,-6.069781628333333,-2.077418668333333,572.7515827231946
mp-998299,RbSeBr3,1.2364,3.786845357047706,-2.973246041999999,-1.095789010968749,354.4321792908409
mp-725554,RbSeO3,0.0368,3.352023999016409,-5.297730111,-1.43366439796875,210.46488441913132
mp-998157,RbSnBr3,0.6010000000000001,3.5804307788045517,-3.459169132499997,-1.478980025999996,205.86806440407295
mp-998778,RbSnBr3,2.5418000000000003,4.205809743460504,-3.503812958499998,-1.523623851999997,701.0268168324552
mp-2047197,RbSnCl3,3.542399999999999,3.075540280497553,-12.957987872,-1.53111551175,335.3287169001271
mp-998156,RbSnCl3,0.9861,2.931167509622487,-3.86719406,-1.760047194499999,175.92255861329596
mp-998611,RbSnCl3,2.3264,2.938028100191553,-3.88993258,-1.7827857145,351.0235235553608
mp-1198796,RbSnF3,3.689899999999999,3.90656245554561,-4.930896661625,-2.784564051125,1776.2439096465464
mp-998193,RbSnF3,3.405299999999999,3.863580122379641,-4.88869977,-2.7423671595,112.25028907001968
mp-998620,RbSnF3,4.0234,4.1931366289622645,-4.918072841,-2.7717402305,206.8561193960559
mp-29405,RbSnI3,2.0077,4.503866369000728,-3.064690358999999,-1.152261604499999,862.5786152100532
mp-1209047,RbSrCl3,4.6262,2.510549347487334,-4.243535842,-2.5998177295,184.83298442262463
mp-1209111,RbSrCl3,4.8958,2.7142238485179453,-4.275119462000001,-2.631401349500001,341.9263512032979
mp-1209174,RbSrCl3,5.1392,2.660539336649661,-4.2824693215,-2.638751208999999,697.6515205683058
mp-2759982,RbSrCl3,6.0686,2.763072383593753,-12.020349492,-2.513581673749999,671.7628263256997
mp-998155,RbSrCl3,4.621,2.5040549970421493,-4.243543124,-2.5998250115,185.31235495405775
mp-998755,RbSrCl3,5.318,2.548223070112482,-4.283996576999999,-2.640278464499999,364.2007121581188
mp-1205862,RbSrI3,4.0221,3.974697601256468,-3.3178509249999992,-1.868850923499999,462.7313252936007
mp-1076534,RbTaO3,2.002399999999999,7.737080117438172,-8.513938632,-2.975669705966666,67.47978870917987
mp-3033,RbTaO3,3.5412,6.252906298753131,-8.57060090550003,-3.032331979466696,333.98647387684906
mp-755018,RbTaO3,2.5106,7.622331597400961,-8.518033926,-2.979764999966666,68.49564662455086
mp-780619,RbTaO3,4.1149,5.944452673636796,-8.560403997500028,-3.022135071466695,351.31680591297066
mp-1114101,RbTlBr3,0.9634,4.280893013127343,-3.04419525,-1.391626091166668,410.8302697980293
mp-1113994,RbTlCl3,1.1539,3.682701978841444,-3.410039869,-1.630512951166668,357.304149731101
mp-1113914,RbTlF3,2.0588,5.444177505653687,-4.297066623999998,-2.478353961166667,211.58452184879064
mp-1209166,RbTmI3,0.2353,5.3029564183113,-3.4936073215,-1.486592642000001,795.5064183204506
mp-11775,RbUO3,0.4542,7.607261575621099,-8.727750539999999,-3.304585120499998,81.09117912744907
mp-29314,RbVBr3,0.618999999999999,4.013960029810795,-4.543966395666667,-1.548910446166666,933.5879397779928
mp-568136,RbVBr3,0.607899999999999,4.031227382216596,-4.5440290690000005,-1.5489731195,929.5890108093448
mp-570099,RbVBr3,0.5839000000000001,4.026039563741597,-4.5435602196666665,-1.548504270166666,310.2622825941334
mp-23319,RbVCl3,0.4023,3.065222274213907,-4.993331596,-1.8713178875,263.03230905853485
mp-556424,RbVF3,2.2325,4.392090674799269,-6.19578712,-3.0345876665,73.12138287356564
mp-672346,RbVI3,0.682,4.299290887016229,-4.028109695666667,-1.100814098166667,1198.3871081265884
mp-1076638,RbVO3,0.2498,5.102348844183125,-7.033888604,-2.0522239725,60.014684858942445
mp-19031,RbVO3,3.0572,3.566212186908948,-7.391282189,-2.4096175575,343.46341930871506
mp-6952,RbYbF3,6.5181,5.877235658880791,-15.207370234,-3.239705441250001,89.14140992101083
mp-4975,RbZnF3,4.0784,4.785687884317537,-4.391544364,-2.7951774025,432.76486198515374
mp-1203934,Re3S4O9,0.03,3.513739774373095,-6.735490495625,-0.5838915882812501,785.317913038039
mp-29499,Re3Te8Cl3,0.9398,6.281234795219212,-5.527217478571429,-0.667473323630952,1782.6453803787497
mp-974724,ReClO3,3.5834,4.681787337080834,-7.685232689,-1.8571246845,382.57011136113016
mp-573051,ReO3F,3.009,5.812179655296767,-8.027162764,-2.1859928445,434.0414438507405
mp-1209117,SNF3,4.2402,1.662690992308413,-4.7859340075,-1.142487491,411.7340640112987
mp-621960,Sb4Pb4S11,0.053399999999999,5.644989610946013,-4.610544333947368,-0.564335487763156,981.6495523386571
mp-638022,Sb4Pb5S11,1.3758,5.895621274928444,-4.6908859111875,-0.6613551538124981,4226.5461930074025
mp-630376,Sb6Pb6S17,0.7808,5.730661285442892,-4.672873581896551,-0.6250925138793081,1459.7525582662845
mp-649982,Sb8(Pb3S7)3,1.6282,5.690942131954312,-4.693559329999999,-0.6585281323026291,2049.6500926350795
mp-641987,Sb8Pb7S19,1.3029,5.516642413689817,-4.686596793088235,-0.6386233828676451,1826.329095367633
mp-28109,SbAsO3,3.509899999999999,4.943337655030774,-6.4261552835,-1.697553926,328.7660241411086
mp-626182,SbHO3,1.416,3.893746496951761,-6.053281105,-1.57967096625,291.3018060569421
mp-626218,SbHO3,1.4139,4.057188839768231,-6.06543491,-1.591824771249998,279.5668211871387
mp-1101381,SbOF3,1.4495,4.547611078717,-5.259147146,-2.295443272,71.11374126840906
mp-757111,SbOF3,2.6517,3.537568382282817,-5.296920475,-2.333216601,365.6722388869165
mp-758096,SbOF3,1.923099999999999,3.951103804576067,-5.266244918,-2.302541044,327.3997886531662
mp-761759,SbOF3,2.6842,3.527189703669574,-5.2224063925,-2.2587025185,366.7482214577559
mp-863413,Sc7V9O24,1.6977,4.34424701511852,-9.27797635225,-3.157138790125,442.3076261386752
mp-776150,ScAgO3,0.361199999999999,5.052178605566008,-6.914838808000001,-2.110980848333333,132.01168072464614
mp-4471,ScAlO3,4.591900000000001,4.169314922966967,-8.654007197,-3.669621607,191.07007935746245
mp-8697,ScBO3,4.118,3.423054231058334,-9.008089935,-3.436941156833332,100.67384890531
mp-1101383,ScBiO3,2.1479,7.067566893334792,-7.744921897999999,-2.731644612,141.88024260616115
mp-550008,ScBiO3,0.6896999999999991,7.405007405474687,-7.461491168,-2.448213882000001,67.7074343450527
mp-555313,ScBiO3,2.6897,7.101137173256954,-7.784773459999999,-2.771496174,282.41902134716827
mp-555769,ScBiO3,2.6784,7.106623445574228,-7.7840247885,-2.7707475025,282.20099549135153
mp-754009,ScBiO3,3.0834,7.08472976865481,-7.797074836999999,-2.783797551,141.5365353662609
mp-756205,ScBiO3,2.9082,7.47686813446329,-7.7863500525,-2.773072766500001,268.2267728755639
mp-1186980,ScCoO3,0.785999999999999,5.136443602936916,-7.702065131999999,-2.040111364,49.10300326279377
mp-1643785,ScCoO3,0.8961999999999991,4.982917296599512,-8.1920974155,-2.530143647499999,202.46357062059715
mp-18961,ScCrO3,2.417799999999999,4.631233740587391,-9.296693205,-3.130813287000001,207.8888721409463
mp-756419,ScFeO3,1.2694,4.908118132097733,-8.629074974,-2.699800307999999,201.36983821600376
mp-769734,ScFeO3,1.7076,4.657117917131759,-8.6832404825,-2.7539658165,212.22287513266605
mp-771123,ScFeO3,0.9222999999999992,4.323275167408495,-8.708788777333332,-2.779514111333333,342.91604718674466
mp-754165,ScGaO3,2.6997,4.878911497780485,-7.9421429360000015,-3.101253307500001,110.7344127232281
mp-754239,ScGaO3,4.3308,5.221019665815953,-7.8832921735,-3.042402545,206.95704441515204
mp-769079,ScGaO3,3.1715,4.934887554450265,-7.955223722666668,-3.114334094166667,328.43508193907246
mp-768358,ScInO3,2.1982,5.201301265856924,-7.694859255,-2.907754082333332,132.6643819656345
mp-1105811,ScMnO3,1.7979999999999992,4.49092583781479,-9.009025804,-2.941352321586206,218.7350343435964
mp-1246879,ScMoN3,1.2502,3.896915427096869,-9.3758617735,-0.9372712835000012,311.7739550831921
mp-1188449,ScRhO3,1.049699999999999,6.049931768142321,-8.189887848,-2.481755849999999,215.03220185571337
mp-1196890,ScRhO3,1.119899999999999,6.010970822719775,-8.21641368225,-2.508281684249999,432.8519261026267
mp-752429,ScTlO3,1.2891,7.703033722052686,-7.165380819000001,-2.455815971666668,256.387499472698
mp-756546,ScVO3,1.5605,4.429499293477538,-9.2542998155,-3.202248177500001,215.7754359190552
mp-1246967,ScWN3,1.2255,5.602060709056989,-9.885290288499998,-1.024203774499999,321.0965329667152
mp-1209042,SiCCl3,3.423899999999999,1.695316511266909,-8.337299348436842,-0.901636052936842,860.7050523856822
mp-769171,SiGeO3,3.0391,3.851924206836593,-7.455841849875,-2.477396069875,1025.8208654925386
mp-28289,SiH3F,6.1692,1.092025319258814,-4.4490883065,-0.944154362249999,304.7762004948863
mp-28538,SiH3I,4.2188,2.495709266895166,-3.708836837499999,-0.281870845249999,420.5426887450831
mp-1219220,SiPN3,4.3483,2.9473835594471662,-9.893975508666664,-0.861556924511903,113.895070690756
mp-36053,SiPN3,3.765099999999999,2.933504677028675,-9.886796926666666,-0.854378342511903,228.8678531755588
mp-21723,SiPbO3,3.1904999999999992,6.312259445639853,-7.392296107166683,-2.5959264841666823,894.2667610519505
mp-978489,SiPbO3,1.184799999999999,8.93326180430379,-6.968344168,-2.171974545,52.65754671539653
mp-776110,SiSnO3,2.6768,4.257681887947367,-7.442037581833333,-2.5862830018333343,911.6581951128396
mp-978493,SiSnO3,0.7593999999999991,6.323000798145838,-6.9816874040000005,-2.125932824,51.15649342831221
mp-16386,Sm4Mo4O11,0.305699999999999,6.943583890802944,-8.775102491578949,-2.633812173947368,1110.784882793491
mp-1187025,SmAlO3,4.0771,6.981513734627289,-8.354219320999999,-3.692610324999999,214.38642301701807
mp-7405,SmAlO3,4.861399999999999,7.181448769432935,-8.35940376649997,-3.697794770499969,208.41780048360832
mp-1173486,SmBO3,4.6744,5.368101981731313,-8.7001538265,-3.451781642333332,258.812987764772
mp-760477,SmBO3,4.3574,5.406074521045035,-8.675841143,-3.427468958833333,128.49753616135
mp-8627,SmBO3,5.2713,5.9021629053724585,-8.7366616705,-3.488289486333333,235.394131743336
mp-972448,SmBS3,2.4295,4.296195400224133,-6.2972980275,-1.535263818833332,397.902104166193
mp-1219113,SmBiS3,1.650799999999999,6.22665080862403,-5.698497573000003,-1.494334856500003,485.9333540089203
mp-1219075,SmBiTe3,0.9818,6.7486379451352825,-33.855439856,-0.9580656569999972,182.6076813011558
mp-22549,SmCoO3,0.8039000000000001,8.056754628664423,-7.776120517999999,-2.436943343999999,53.02909578224753
mp-1105788,SmCrO3,2.4802,7.31736891568508,-9.0141752835,-3.1710719595,227.25277373957564
mp-19257,SmCrO3,1.7362000000000002,7.130569291617402,-8.816893528,-2.973790204,58.30152946273373
mp-770767,SmCuO3,0.121799999999999,7.378061688081909,-7.1444364705,-2.4121013065,235.78125214601295
mp-756452,SmDyO3,4.822,8.042555098332654,-8.694715268500001,-3.858546332833333,298.02426282522254
mp-754203,SmErO3,4.8916,8.360501076547395,-8.72604912,-3.900011528,290.47141479305986
mp-1099588,SmFeO3,0.723499999999999,7.066202913845533,-8.187931516,-2.581433444000001,59.73708222101029
mp-1105437,SmFeO3,0.127399999999999,5.211953493345574,-8.075469965,-2.468971893000001,323.95864237366874
mp-20243,SmFeO3,1.545,7.188793032592718,-8.4103017015,-2.803803629500001,234.87355529137716
mp-978504,SmGaO3,2.872,7.727382864072236,-7.431014211999999,-2.9129011774999998,57.60803022854421
mp-1219055,SmGdS3,0.6825000000000001,5.938867582409162,-8.620073581999998,-2.378693279499997,451.6241310208866
mp-755717,SmHoO3,4.5947,8.225467010815883,-8.709853042,-3.877823318999999,293.35952797041665
mp-752437,SmInO3,2.9444,7.543226160313635,-7.3619454195,-2.897616840833334,275.7659939007913
mp-1101371,SmLuO3,4.7782,8.798590817220292,-8.7701539355,-3.953322614833333,281.82743897260025
mp-1208832,SmLuSe3,0.7935000000000001,7.1564507343553,-24.324467995,-2.174970955770831,521.8042975042365
mp-1232244,SmMgS3,0.210599999999999,3.316061329112147,-5.28642254,-1.534172682499999,271.2697787767995
mp-22203,SmMnO3,0.2744,7.267318238962783,-8.736108126,-2.991211237586206,231.50675196280685
mp-3317,SmRhO3,0.7331000000000001,8.417087719860298,-7.914245706,-2.528890301999999,237.73550180216748
mp-1218986,SmSbTe3,0.8487999999999991,6.145763368397908,-4.65075504,-0.995254028999999,176.95446119676572
mp-31118,SmScO3,4.366899999999999,6.338811595774986,-9.100252110499998,-3.921264459499999,254.95794113861217
mp-1188840,SmScS3,1.8487,4.416134161166416,-6.9904757905,-2.297826114999998,438.45158688597496
mp-754787,SmTlO3,1.166699999999999,8.940700349866306,-6.794826388500001,-2.408038135166669,299.2016143348699
mp-776439,SmTmO3,4.9205000000000005,8.452390361659015,-8.733400844,-3.924406718000002,288.6300180537114
mp-1188225,SmVO3,1.5136,7.085078065698469,-8.9790061535,-3.249731109500001,233.7147945600508
mp-755685,SmYO3,4.2852,6.347127174516112,-9.058397775,-3.844085645,300.61674476601416
mp-772724,SnBO3,2.417099999999999,4.034906474455163,-7.3803365075,-2.273767179333333,292.2274095201998
mp-729742,SnCCl3,0.787,2.370165524887018,-10.294622604749996,0.335524527750003,166.0981478357188
mp-1101394,SnGeO3,2.5993999999999997,5.056354248358174,-6.498422442000001,-1.803125897,157.20695864987837
mp-769144,SnGeO3,2.281099999999999,4.912835917624815,-6.60144247,-1.906145925,970.7966069728828
mp-5045,SnGeS3,1.6591,3.590124056442368,-4.893827236500002,-0.684868667,531.9924307893194
mp-1179476,SnNF3,1.762299999999999,4.302127044587085,-5.061954649,-1.4440733039999991,146.45036468016409
mp-1237814,SnNF3,0.6753,3.088903689291743,-4.599682573,-0.981801227999999,203.9714209168624
mp-726037,SnPO3,0.5198,3.359908743902649,-6.779568617000001,-1.925782937928572,195.39734301346112
mp-1079752,SnPS3,1.032599999999999,3.034640100146826,-11.931687409500004,-0.361613054782739,269.0871249796568
mp-1080140,SnPS3,1.0053,3.016077494444856,-11.931658579500004,-0.36158422478274,270.7432356763062
mp-13923,SnPS3,2.1301,3.321603737114868,-11.9773139465,-0.407239591782736,491.6797092754763
mp-4252,SnPS3,1.8226,3.371034759891824,-11.970277764500004,-0.40020340978274,484.4699850693268
mp-570370,SnPSe3,1.497399999999999,4.663962457921832,-15.625067152,-0.288478995032735,550.5226376276487
mp-5706,SnPSe3,1.348599999999999,4.7186128187544725,-15.623900579000008,-0.287312422032744,544.1465559382784
mp-673705,SnPSe3,0.5105000000000001,4.248843425929607,-15.448968942000008,-0.112380785032743,604.3096101075289
mp-1101720,SnPbO3,1.356899999999999,8.792266045783204,-6.314707455,-1.8014870669999992,564.9412064548399
mp-978952,SnPbO3,1.0389,8.828742790401577,-6.274211259999999,-1.760990871999999,70.32588763341295
mp-1188095,SnPbS3,1.0929,5.558311572013088,-4.759090673,-0.7322082604999981,504.4134958079262
mp-1094063,Sr12Al14O33,1.589999999999999,3.375412780306001,-7.40352480898305,-3.403017828220338,962.8284719874824
mp-698692,Sr12Co10O27,0.1976,4.981725288092903,-6.789859206938777,-2.193160198469389,690.9035925006621
mp-757304,Sr16V12O39,0.6957,5.010428376135057,-7.856141602985074,-2.94485501380597,874.0100308358382
mp-1219118,Sr18Co14O45,0.375399999999999,5.150438649414037,-6.735123392207791,-2.150840471103896,1006.6193691880362
mp-685197,Sr18Ni13O42,0.008099999999999,5.333590704717337,-6.313799124246575,-2.020376594520548,937.7905740866556
mp-675428,Sr24Ni19O54,0.4546,5.447054480415669,-6.322083575154639,-2.01661176742268,1244.4078461486613
mp-1013555,Sr3AsN,0.4218,4.414959864983109,-14.906711974,-1.052059000250003,132.31336935948244
mp-570008,Sr3BiN,0.256899999999999,5.623589410715984,-23.656567202,-1.04296567675,143.46141423607256
mp-30158,Sr3Ga4O9,2.8947000000000003,4.674005628114282,-6.579841153749998,-2.722258815937498,487.2518818714102
mp-30950,Sr3GeO,0.3188,4.507172912605396,-4.488673586500001,-1.5590189605,517.9996391565651
mp-1173228,Sr3La4O9,2.4729,4.73047364299074,-7.7186250859375,-3.384064977500001,675.7166052882635
mp-706524,Sr3La4O9,2.479399999999999,4.710995150545812,-7.677326383125,-3.342766274687501,678.5104822442809
mp-755969,Sr3La4O9,3.0779,5.302258457892202,-7.810451981250001,-3.475891872812502,301.4243474579689
mp-757624,Sr3La4O9,3.840699999999999,6.002057282713452,-7.850780178437501,-3.516220070000002,532.5606606010646
mp-1173227,Sr3Nd4O9,2.923599999999999,5.717078982950397,-7.5915268459375,-3.298931655625,571.5071863712117
mp-1218602,Sr3Nd4O9,3.977499999999999,6.446890360137876,-7.7495073065625,-3.45691211625,506.8104995255562
mp-675048,Sr3Nd4O9,3.1139,5.913557421012688,-7.5511509475,-3.258555757187499,552.5188124830013
mp-1013554,Sr3PN,0.519699999999999,3.94755735582669,-13.66628144,-0.95271940134524,129.49301741662526
mp-686055,Sr3Pr4O9,2.3402,5.35788253835903,-7.611996131250001,-3.312569934479167,601.5542806769632
mp-29295,Sr3Sb4S9,1.0677,4.147069228580007,-4.9364316384375,-1.259564848281249,1663.2902105360477
mp-1013561,Sr3SbAs,0.127999999999999,3.814634410210719,-3.686491058,-0.9112094495,200.04191685716947
mp-7752,Sr3SbN,0.257699999999999,4.72136492046329,-4.536857728000001,-1.027945077000001,140.19996748628466
mp-1013588,Sr3SbP,0.341899999999999,3.649072067027213,-3.882774534,-0.9584227269285712,189.119224
mp-30949,Sr3SiO,0.4234,3.956389438884266,-4.5339772285,-1.443864567499999,515.312261967182
mp-759747,Sr4(NiO3)3,1.3317,5.406449979470377,-6.370364525625,-2.0802538103125,617.8633553945658
mp-1173217,Sr4Fe3O10,0.216299999999999,4.5738272097826425,-7.076975703235295,-2.273482406764706,492.3056251877528
mp-779001,Sr4Hf3O10,4.1291,7.194101241557368,-8.779704834705884,-3.7137701582352953,482.8486047549378
mp-1200058,Sr4Mn3O10,1.2947,5.002255578644341,-7.507576954264706,-2.581967055076065,896.6693618504389
mp-18998,Sr4Mn3O10,1.195399999999999,5.232192068253171,-7.51014615235294,-2.5845362531642992,428.6319442219285
mp-31213,Sr4Ti3O10,1.463099999999999,5.039755198393024,-8.210772392352942,-3.508666600588235,215.50989030830584
mp-1208748,Sr4Zr3O10,3.6046,5.098958383999404,-8.407193196470589,-3.589991767058824,1021.4674989340142
mp-704141,Sr5(CoO3)4,0.011,5.380429585776497,-6.714179072698413,-2.125067673174603,1603.2963660585972
mp-1020709,Sr5(Ga3O7)2,3.151799999999999,4.756569322256553,-6.560815301399999,-2.724728475199999,754.365357870945
mp-16061,Sr6Sb6S17,1.8482,3.912533411928158,-4.966740589482757,-1.33693586215517,3058.141466465428
mp-706599,Sr6Te6O17,1.782499999999999,4.650575777663202,-6.229876463189655,-2.328850911982758,2232.7876118625686
mp-676818,Sr8(TiS3)7,0.0443,3.46025136217206,-6.301307073333333,-1.976495384467591,2460.961837838729
mp-1173194,Sr8V6O19,1.075,3.438988210451738,-7.622955466969698,-2.712224550757576,632.8310486142452
mp-1218609,Sr8V6O19,0.467799999999999,4.9718252582886375,-7.818413741212121,-2.9076828249999997,437.7262679866002
mp-530428,Sr9(NiO3)7,0.020999999999999,5.324028661564234,-6.335825642432432,-2.022312380945946,957.7810520414272
mp-759887,Sr9(NiO3)7,1.3374,5.385008381826902,-6.356951243378378,-2.043437981891891,946.9351598003911
mp-1068011,SrAlH3,0.074399999999999,2.025819567088134,-6.214976065428571,0.233643255321428,96.4160413648708
mp-1189840,SrBO3,0.452399999999999,3.4675076036038472,-7.4675276725,-2.824387097333333,280.49127487221403
mp-29164,SrBiO3,0.3106,7.355103194029816,-6.345887718,-2.260618635000001,311.1958717643233
mp-28476,SrBiSe3,0.7976000000000001,6.090620380234483,-4.5096661205,-1.2956267539062511,2327.158785571961
mp-1218370,SrCO3,4.5332,3.288793327351459,-7.82071605,-2.6672573,74.53905776639496
mp-33746,SrCO3,4.2823,3.481020603864861,-7.816263382,-2.662804631999999,140.84579421162286
mp-38035,SrCO3,4.6569,3.2953514255281,-7.82919642,-2.6757376699999997,148.78143430174455
mp-3822,SrCO3,4.4416,3.794093427062427,-7.8524210275,-2.6989622775,258.4475691195478
mp-22428,SrCeO3,2.2817,5.743441228739315,-8.108783837999999,-3.614131642999999,318.88019245785824
mp-761337,SrCrO3,0.7210000000000001,5.124997657756186,-7.824536523000001,-2.586664808,364.730946713303
mp-769855,SrCrO3,0.829399999999999,5.024541828978767,-7.8119524545,-2.5740807395000003,248.0153496233369
mp-781082,SrCrO3,0.5880000000000001,5.067403038596599,-7.816883840285714,-2.579012125285714,860.7115343340237
mp-17464,SrGeO3,3.4179,4.31734751498995,-6.974983127333333,-2.743115335333333,480.6018637681073
mp-554869,SrGeO3,3.3373,4.604582877343405,-6.9730983885,-2.7412305965,901.2435295489332
mp-555731,SrGeO3,3.0028,4.172081475135839,-6.862306664,-2.630438872,248.667874130049
mp-13108,SrHfO3,3.7304999999999993,7.345445368102092,-9.078168534,-3.779468506999999,71.00848373784919
mp-13109,SrHfO3,3.9893,7.691217517439197,-9.109144965,-3.810444937999998,135.63234605846927
mp-3378,SrHfO3,4.1704,7.701226062859422,-9.111064951,-3.812364923999999,270.9121553948899
mp-3721,SrHfO3,4.0578,7.693023958111824,-9.106974384,-3.8082743569999993,135.60049749179666
mp-4551,SrHfO3,3.7226,7.344257043717289,-9.078107392,-3.779407364999999,71.01997313864919
mp-4673,SrHfO3,3.9535,7.688237171096568,-9.107316678999998,-3.808616651999998,271.36984791729213
mp-550908,SrHfO3,3.6763999999999992,7.670305811826364,-9.099779000999998,-3.801078973999998,136.00212319147215
mp-1208643,SrHfS3,1.4955999999999992,5.183263719549967,-18.954378553,-2.074540924687499,464.280143999116
mp-24419,SrLiH3,1.8195,1.631795838220756,-5.706050682999999,-0.126509745583332,99.30372545490404
mp-19001,SrMnO3,0.9027,5.406566540046488,-7.6358860055000015,-2.496220726086208,234.105017935749
mp-1542758,SrMoO3,1.3088,5.6946688398702925,-8.073330959,-2.596938715999999,135.04259794686644
mp-9788,SrPS3,3.1224,2.942153579162792,-10.959014595,-1.309044782282737,484.9034841602534
mp-7198,SrPSe3,2.1432,4.305976869473027,-14.5446220605,-1.128138445532738,548.3337108817398
mp-20489,SrPbO3,0.7941,7.669326838228552,-6.2053422305,-2.155550595499999,296.90377048683945
mp-989623,SrReN3,1.9969,6.159965565058743,-8.5572458865,-0.726170780000001,340.57102630398566
mp-1192792,SrRuO3,0.0072,0.50440284123544,-3.1924812135,1.9696615155,3116.7945187666323
mp-1204655,SrSbSe3,0.358099999999999,5.276147211705713,-4.50531472275,-1.243481970156249,2247.191775746832
mp-3395,SrSeO3,3.7027,4.651279266562305,-6.32210198,-2.31565746346875,153.21182131644215
mp-555098,SrSeO3,3.886199999999999,4.650252675821593,-6.3220367205,-2.315592203968749,306.49128877949005
mp-1017439,SrSiO3,2.383099999999999,5.371420069070963,-7.50927637,-3.116950543,50.607918520880645
mp-1173151,SrSiO3,0.0514,2.951351668119932,-6.9305118545,-2.5381860275,368.42290552265007
mp-18313,SrSiO3,4.3766,3.832191555006368,-7.8165328636666676,-3.424207036666666,425.6098140634538
mp-3978,SrSiO3,4.6251,3.641838872596811,-7.8335523,-3.441226473,447.8557103265806
mp-561547,SrSiO3,4.8212,3.846085818732822,-7.7975248545,-3.4051990275,565.4296903578274
mp-12866,SrSnO3,1.6118,6.335096060087697,-6.742876205500002,-2.633699613500002,133.32770579400238
mp-12867,SrSnO3,1.5550000000000002,6.354962395647654,-6.7398282725000005,-2.630651680499999,132.91090821475046
mp-2879,SrSnO3,1.7365,6.345516909051056,-6.7465352295,-2.6373586375,266.2174999396318
mp-546973,SrSnO3,0.9698,6.061480890045354,-6.698800456000001,-2.589623864000001,69.67305836625314
mp-1205419,SrSnS3,0.8335999999999991,4.374305090181207,-14.067571032,-1.2687797256875,459.3685815383808
mp-989530,SrTcN3,0.5244,5.049104206342522,-14.242953072,-0.543638045249999,149.73162118535504
mp-989627,SrTcN3,1.581799999999999,4.551416369146704,-14.2837682165,-0.584453189749999,332.2089200514949
mp-1179315,SrTeO3,3.2315,4.619314360035913,-6.313742546083334,-2.377819146416667,2270.903792588304
mp-1179320,SrTeO3,3.3726000000000003,4.636886935741783,-6.312616380833334,-2.3766929811666677,2262.2976675373766
mp-561385,SrTeO3,3.478899999999999,4.862303271650491,-6.314576811166668,-2.378653411500001,1078.7087840165068
mp-647158,SrTeO3,3.3579,4.634721960585883,-6.31073056275,-2.374807163083333,2263.354433895126
mp-662523,SrTeO3,3.174,4.147340853419161,-6.285391332,-2.349467932333334,632.3339984652432
mp-667421,SrTeO3,3.4208,4.636886935741783,-6.310394317166668,-2.374470917500001,2262.2976675373766
mp-972117,SrTeO3,3.6116,5.096457796406144,-6.316948714666667,-2.381025315,343.049326886097
mp-4651,SrTiO3,1.848799999999999,5.093987781835845,-8.438022916,-3.551662291666667,119.6250779514464
mp-5229,SrTiO3,1.771999999999999,5.086511723754529,-8.437552862,-3.5511922376666663,59.90045030664282
mp-551830,SrTiO3,1.786999999999999,5.087203751701338,-8.437938167999999,-3.551577543666666,119.78460372892172
mp-776018,SrTiO3,1.7362000000000002,4.797913331143005,-8.398920444666667,-3.512559820333334,381.021066927438
mp-989513,SrWN3,1.2682,6.813809556373789,-19.587837456,-0.807895963250001,152.79145926957835
mp-989625,SrWN3,1.1076,7.197288498726832,-19.6064519,-0.826510407249999,144.6505729883572
mp-1020622,SrZrO3,3.168099999999999,5.382536375487199,-8.6612185885,-3.644416241500001,139.96387922066543
mp-1068742,SrZrO3,3.2609,5.050542186479427,-8.63012045,-3.613318103,74.58215804793349
mp-1080575,SrZrO3,3.4652,5.402446184095341,-8.673868736500001,-3.657066389500001,139.44806583680602
mp-3323,SrZrO3,3.214399999999999,5.09297632587517,-8.623552264,-3.606749917,73.96074740540564
mp-3626,SrZrO3,3.416,5.399903088261012,-8.671277419,-3.654475072000001,279.0274783994841
mp-4387,SrZrO3,3.6122,5.415575897777201,-8.6784611755,-3.661658828500002,278.2199660312183
mp-5076,SrZrO3,3.5667,5.40852623021807,-8.6691658485,-3.652363501500001,139.29130396935383
mp-557203,SrZrO3,3.542,5.090274637116907,-8.62373121625,-3.606928869250001,592.0000195401844
mp-5193,SrZrS3,1.1777,3.849113661274756,-6.608256288,-2.077791916499998,474.6162826351481
mp-558760,SrZrS3,0.551199999999999,3.9582074137901833,-6.614669119499999,-2.084204747999996,461.5351916601778
mp-541570,SrZrSe3,0.1669,5.206313945914518,-18.0282543375,-1.8622276039375008,530.3759627979628
mp-1187189,TaAgO3,1.7306,8.743087804133681,-8.303033604,-2.3922839567999983,63.96976476254995
mp-9890,TaAgO3,1.9156,8.945674399821078,-8.316438579,-2.405688931799999,125.0421701330729
mp-1208583,TaCl3O,3.0691,4.196654988640887,-6.754344861999999,-2.282241472466665,480.0508294804849
mp-756050,TaCuO3,1.5612,6.905862719148174,-8.664869109,-2.5028656634666677,281.3230122078083
mp-3102,TaCuS3,0.418,5.686581690665911,-6.740789458499998,-1.065123988466663,397.9383225777252
mp-33753,TaHO3,2.9434,4.962087442803679,-8.6707009655,-2.649505566216666,307.8120957223327
mp-1101316,TaOF3,2.7903,6.06477242959079,-7.958431195999999,-3.447142061466665,69.52963685711063
mp-677065,TaOF3,2.153299999999999,6.36788910325216,-7.7402297732,-3.228940638666667,331.09984942663823
mp-676262,TaTlO3,0.9801,9.511450247152816,-8.500544168750002,-2.684087633883337,605.216109424282
mp-756933,TaTlO3,0.655999999999999,9.475574378534992,-8.496269444000001,-2.679812909133335,303.7537717293744
mp-861873,TaTlO3,0.6811,10.57249764782222,-8.393179314,-2.576722779133334,68.05963814461339
mp-10795,TaTlS3,0.595799999999999,6.718270500255314,-6.416457265000003,-1.086338705633336,476.0707586574709
mp-12027,TaTlSe3,0.2993,7.495276937329654,-29.68222778799997,-0.7410641909041371,551.390418635224
mp-1246615,TaWN3,0.232999999999999,8.392219110180413,-26.01794998558729,-0.5487741643039581,321.97469323705934
mp-21950,Tb4Mo4O11,0.184,7.902893632354046,-8.83119320881579,-2.706897104166667,1004.74559830976
mp-4434,TbAlO3,5.598200000000001,7.628337563286275,-8.3851686665,-3.739704172833333,203.6661509926724
mp-1217607,TbBO3,4.4297,6.060902319096625,-8.699016827,-3.466789145166666,119.30788763395246
mp-863748,TbBS3,2.3293,4.559437273518319,-6.263075194000001,-1.517185487666665,387.4069269674787
mp-1217576,TbBiTe3,1.038,7.002971684245286,-34.15357977900002,-0.957503614000017,178.0067493633736
mp-755605,TbCO3,4.055400000000001,6.926367754212036,-8.5037398375,-2.761193980833333,209.9506627673306
mp-19802,TbCoO3,1.4208999999999992,8.586979182753064,-7.945187599499943,-2.622154927833276,205.64415112513475
mp-756124,TbCrO3,2.4854,7.801541691124652,-9.0416070835,-3.214648261833333,220.4416567686988
mp-1208345,TbCrSe3,0.113999999999999,6.943433380239512,-6.405198821499999,-1.449469716239582,428.37124579971214
mp-1187342,TbErO3,1.7284000000000002,8.095420538997141,-8.003597216,-3.193704126333332,76.75262073438618
mp-756048,TbErO3,4.5065,8.76779870405418,-8.7410922665,-3.931199176833332,283.4667004969909
mp-19853,TbFeO3,1.6263,7.660263689728519,-8.434927227,-2.844573657333333,227.8446071426553
mp-1101339,TbGaO3,3.7138,8.073723894643507,-7.568390402,-3.066421869833333,113.79690708023502
mp-756290,TbGaO3,3.9217999999999993,8.045324073302229,-7.6274943385,-3.125525806333333,228.39721544072253
mp-756224,TbGdO3,3.1586,8.163254091638267,-10.555826073,-3.844252297333332,296.31536640116883
mp-755740,TbHoO3,4.7786,8.642790494132278,-8.725198068000001,-3.909312847333332,285.7770895270979
mp-769263,TbInO3,2.911199999999999,7.932277564294916,-7.380217258,-2.9320331816666663,269.41286852002736
mp-754145,TbLuO3,4.9973,9.28601675808452,-8.787407116999999,-3.986720298666666,273.160901583886
mp-1232160,TbMgS3,0.2,3.532659243005882,-5.283688209,-1.547582853833332,262.68976312505646
mp-1188379,TbMnO3,0.9344999999999992,6.422371567421256,-8.445132787999999,-2.716380401919539,270.82295315671564
mp-22055,TbMnO3,0.4016,7.738046495726133,-8.7593693125,-3.03061692641954,224.7758055110435
mp-5692,TbRhO3,0.8749000000000001,8.964942818652476,-7.944981086500002,-2.575770184833334,229.55338451111135
mp-31119,TbScO3,4.4378,6.766676755732844,-9.119895555,-3.957052406333332,247.2443722811714
mp-1188262,TbScS3,1.7696,4.662683003823447,-15.6300239635,-2.2846173261874982,427.4692108399353
mp-756118,TbSmO3,4.7475000000000005,7.872935591575265,-8.679432099,-3.839365544333334,301.4292626823467
mp-756762,TbTmO3,4.568899999999999,8.935618836641323,-8.7492180945,-3.9563684708333353,279.38814552182055
mp-554811,TbVO3,1.439599999999999,7.563310371821145,-9.004759297000001,-3.291628755333334,226.45903361633887
mp-555390,TcO3F,2.444499999999999,3.641817676539584,-7.349794371,-1.926119503999999,300.9302824080249
mp-29429,TeCF3,2.5075000000000003,3.067564130811213,-10.277197302958337,-1.328688632958338,851.416380407064
mp-1195796,TeHO3,2.2733,5.089482963780082,-5.660514848,-1.384043778583333,460.96846686936
mp-625630,TeHO3,2.1229,4.861764443242207,-5.63435221,-1.357881140583333,482.5596110960229
mp-625654,TeHO3,2.1525,4.775392537284972,-5.628324485,-1.351853415583333,491.28760424484193
mp-625657,TeHO3,2.2213,4.7902000991629965,-5.633659365,-1.357188295583333,489.7689262253093
mp-625856,TeHO3,2.0582,4.879771463174074,-5.61758925225,-1.341118182833333,480.7789005441258
mp-625913,TeHO3,2.1809,4.837711032362134,-5.627206560749999,-1.350735491333333,484.9589285670693
mp-543039,TePbO3,3.2104,7.226923609629019,-5.8908579655,-1.550890769833333,1055.472120741218
mp-555021,TePbO3,2.6752,7.42171917065387,-5.888139745000001,-1.5481725493333331,342.58982379046694
mp-1187421,ThBeO3,2.696799999999999,9.79550321371273,-8.658321612,-3.458890785999999,48.99965010566739
mp-1189441,ThCrS3,0.015799999999999,6.053926632468872,-7.598655057999997,-1.7028352864999952,417.174117079126
mp-1188731,ThCrSe3,0.054999999999999,7.300250733821811,-6.9812120895,-1.470284058906248,473.9553993769641
mp-10732,ThTaN3,0.0766,11.252915831470542,-31.398243684499995,-1.507574309216659,67.1430690742335
mp-1105961,ThTaN3,0.349499999999999,11.497507105789076,-31.629552182,-1.7388828067166622,262.8588260070863
mp-1187536,ThTaN3,0.4013,11.415439615334432,-31.6065164245,-1.715847049216665,132.37428087202528
mp-531901,Ti11Fe13O36,1.7464,4.637572351669556,-8.875504373166667,-2.624049638277777,654.7167606777369
mp-757320,Ti13(Fe5O14)3,1.4752,4.637175163319475,-8.536760613,-2.286673804761904,763.4255016502228
mp-1193009,Ti3(HO2)4,2.4851,2.175044660245323,-7.357224713999999,-2.233836057666666,420.8566415143302
mp-757480,Ti5Pb5O14,0.405399999999999,7.225207838484728,-7.924599673333333,-2.619926777361109,344.58391350783484
mp-1101106,Ti7(Fe3O8)3,0.3273,4.661213452099432,-8.83566338675,-2.579420908583333,435.2114557150847
mp-677097,Ti7(Fe3O8)3,1.2005,4.670740311329885,-8.82924003075,-2.572997552583333,434.3237595475155
mp-757103,Ti7(Fe3O8)3,1.4259,4.711759463443992,-8.425513234499999,-2.169270756333333,430.5426683229163
mp-685183,Ti9Fe11O30,1.3133,4.684712067616028,-8.514359044599999,-2.260989212399999,540.5785634503364
mp-757488,Ti9Fe11O30,1.351099999999999,4.643922445275945,-8.4805113788,-2.227141546599999,545.3267037795778
mp-1179263,TiCdO3,1.4505,5.396613231147699,-7.1912718715,-2.451394827166666,256.34652840922064
mp-1179551,TiCdO3,2.776399999999999,3.54002966957186,-7.245404959,-2.505527914666666,195.3942757687807
mp-13641,TiCdO3,2.9057,5.810462306526291,-7.411338015,-2.671460970666666,119.04414777961352
mp-14550,TiCdO3,2.1213,6.083926863535969,-7.368795385999999,-2.628918341666666,227.38653800449333
mp-20940,TiCdO3,2.4636,6.029352450479733,-7.3717698475,-2.631892803166667,229.44471704617425
mp-5052,TiCdO3,2.4156,6.2726038385036205,-7.372593440999999,-2.632716396666666,220.5468578264304
mp-1179381,TiCoO3,2.2549,3.045965094638345,-8.470397449,-2.495839098666666,168.77986080467417
mp-755606,TiCrO3,0.4277,4.672964172840295,-9.253288666,-2.774804165666667,210.1702097484956
mp-1179354,TiFeO3,2.590099999999999,3.110330836948588,-8.896343262,-2.654464013666667,161.9896577618398
mp-1277107,TiFeO3,2.2487,4.597795231408048,-8.971592041000001,-2.729712792666666,219.16653632662977
mp-19074,TiFeO3,1.6437,4.958433185471933,-8.848473615,-2.606594366666667,101.6130315680444
mp-19270,TiFeO3,2.052199999999999,4.925385335207109,-8.939818291,-2.697939042666667,102.29482436671373
mp-19417,TiFeO3,2.7436,4.907110856305436,-8.959550826000001,-2.717671577666666,102.67577859097742
mp-20073,TiFeO3,1.5848,4.826724611592713,-8.899765687999999,-2.657886439666666,208.7715659572888
mp-780260,TiGeO3,1.1348999999999991,3.9330191466442272,-8.155536432,-2.683055854666666,142.2873660627807
mp-1105715,TiGeS3,0.323699999999999,3.313776287212382,-6.167187987,-1.181045385166666,434.35899785867554
mp-7607,TiHgO3,1.0936,8.319374843308553,-6.860181421,-2.250372007166668,118.34433484930987
mp-19082,TiMnO3,2.004899999999999,4.644506556173096,-9.334882121,-2.9546040562528733,107.83263051258716
mp-19376,TiMnO3,1.7771999999999992,4.697118378262631,-9.2985630085,-2.918284943752874,106.6248110123954
mp-2234285,TiMnO3,1.3274,4.399474971888604,-9.135411479,-2.755133414252873,113.83843812847203
mp-556925,TiMnO3,1.5326,4.713654201746586,-9.274892319,-2.894614254252874,212.50152766807804
mp-743867,TiMnO3,1.2289,4.409899644458129,-9.134469726,-2.7541916612528743,113.56933258435684
mp-531689,TiNiO3,1.4963,4.934833773785957,-8.284679899833334,-2.5807775575000003,624.0954126779501
mp-675030,TiNiO3,2.3354,4.957154613212025,-8.2803009785,-2.576398636166666,414.1901770745118
mp-690546,TiNiO3,2.2715,5.123835266835122,-8.282212310666667,-2.578309968333334,300.53728897985826
mp-698587,TiNiO3,1.708199999999999,4.966626181744278,-8.280607195,-2.576704852666667,516.7503733668699
mp-989613,TiPN3,0.528199999999999,3.087106687556918,-10.892097999166667,-1.026880931345239,65.01044611865268
mp-989624,TiPN3,0.5396000000000001,4.085692904770749,-10.9222667405,-1.057049672678572,196.4848437234296
mp-1106215,TiPbO3,2.316,6.8423080368338525,-8.015441889499996,-2.7250374691666632,294.1999112684277
mp-19845,TiPbO3,1.585,8.048700857425851,-7.979772459999999,-2.689368039666666,62.52581792285582
mp-20459,TiPbO3,1.812999999999999,7.801556471692714,-8.020994205999997,-2.7305897856666643,64.50656431866487
mp-1018639,TiSnO3,1.0452,5.778248869345959,-7.946378162,-2.5965887846666678,61.66409761506848
mp-754246,TiSnO3,1.1086,4.544839624216931,-8.104400850999998,-2.754611473666665,156.7978330522059
mp-1078470,TiZnO3,2.8280000000000003,5.029886833472973,-7.565642529,-2.765818800666667,106.48434781971152
mp-14142,TiZnO3,3.106999999999999,5.007411138147304,-7.592381315999999,-2.792557587666666,106.96230133551444
mp-635713,TiZnO3,3.1234,3.613922060579641,-7.525225238999999,-2.725401510666666,148.20580247472665
mp-17823,Tl3B3S10,1.8863,4.44799754534922,-4.955618659375,-0.6727081101562501,721.4336165998227
mp-542058,Tl3B3Se10,1.3921,5.470423281244894,-20.581121978034727,-0.287835812917538,871.2953826943882
mp-1663104,Tl3Co3O8,0.225799999999999,8.658693484028465,-5.9705989835714295,-1.106430801428572,352.08152667188693
mp-574580,Tl4Pd3Cl10,1.11,5.106152195792845,-3.66669222117647,-1.107223874313726,1939.9346823757635
mp-1201442,Tl4Si5O12,3.1736,5.399336851091432,-7.207333865476187,-2.636476214206347,707.3249045898681
mp-29303,Tl4Sn5S12,1.2765,5.203462587657166,-4.43209522452381,-0.6614990201587301,1146.1986904423832
mp-28809,TlBS3,1.8034,4.502134236531832,-4.9664970925,-0.6738856875000001,459.4035365498559
mp-29959,TlBSe3,0.9154,5.99031722718172,-20.989716883,-0.297648988937498,250.6334832317473
mp-1179184,TlBrO3,0.0542,5.639358262881194,-3.930654824,-0.160194490666668,97.84323468975865
mp-29798,TlBrO3,3.5098000000000003,6.2722039936004,-4.412738808,-0.6422784746666681,87.97115887456695
mp-28219,TlCdBr3,2.7489,6.036192160507899,-2.842122550499999,-1.193658168166667,612.3731169494534
mp-28218,TlCdCl3,3.2976,5.251360210746544,-3.209719188499997,-1.434297047166665,535.2233003348425
mp-1412222,TlCdF3,4.1944,7.194373057488865,-18.753647902,-2.221172677999999,86.27465927655058
mp-998623,TlCdF3,4.2415,7.173453043880334,-18.756484264,-2.224009039999998,86.5262629373115
mp-998759,TlCdF3,3.9371,7.31699849355673,-18.762886925,-2.230411701,678.6302714587923
mp-27252,TlCdI3,2.1776,5.955839094947377,-2.4072553725,-0.826551342166668,777.8845487563913
mp-29738,TlClO3,4.3481,5.072115205708985,-4.532848862,-0.720069275666668,94.23296052646891
mp-2353285,TlCoCl3,0.202499999999999,4.829546171206906,-4.130708261,-1.120604813666668,254.21047015636617
mp-755788,TlCoO3,0.464,8.84413697374225,-5.9678646130000015,-1.098110242666668,116.90235340971311
mp-770614,TlCoO3,0.142999999999999,9.055683169260451,-5.933432736999999,-1.063678366666668,228.3428885007607
mp-1105306,TlCrO3,0.4346,8.644508645260622,-7.067328762,-1.6936482416666672,233.87374183496345
mp-1105457,TlCuCl3,0.4143,4.966746229309072,-3.4822783455,-1.079016908166669,500.5452790429852
mp-998159,TlFeF3,3.4393,6.840509941466396,-5.384095289999999,-2.067485199666668,77.00625173301604
mp-505819,TlFeO3,0.7036999999999991,8.617568623575883,-6.4935586285,-1.356483360166667,237.57148540071756
mp-756909,TlGaO3,0.932299999999999,9.232397773668987,-5.663815099,-1.615124868166668,231.7348619025549
mp-998153,TlGeBr3,0.755599999999999,5.000708812528363,-3.379834651999999,-0.998766736666667,171.58750587347944
mp-998746,TlGeBr3,2.256599999999999,5.555550922476075,-3.407834389999999,-1.026766474666667,617.8031051932752
mp-2037716,TlGeCl3,2.8898,4.3372077320914695,-18.088214271,-0.9864945005000012,293.5627370958192
mp-998743,TlGeCl3,3.3207,3.921404834388573,-3.792086485999999,-1.284060811666667,324.69041758205674
mp-998744,TlGeCl3,1.3779,4.214938328785889,-3.75932138,-1.251295705666668,151.03928858108335
mp-998711,TlGeF3,3.3593,5.755576338123737,-17.420054585,-2.134181383,192.7350977814041
mp-998712,TlGeF3,3.1344,5.233987064051521,-17.447224968999997,-2.161351766999996,105.97098872631972
mp-29288,TlGeI3,1.9161,5.686391015996473,-2.999773986,-0.686466422666667,768.288708546055
mp-1105094,TlHgCl3,2.6710000000000003,5.971967871645926,-2.787549608,-1.14219509716667,568.7152231315773
mp-998710,TlHgF3,1.805,8.26413589863769,-24.070719826,-1.685680835500002,92.82479948765524
mp-998758,TlHgF3,2.3394,8.571632394741744,-24.0852452255,-1.700206235000001,715.9586154911296
mp-22981,TlIO3,2.763299999999999,6.896840909564332,-4.716762884,-0.968889334666667,91.31995051891964
mp-2767078,TlInCl3,2.5745,4.525433658297056,-20.002189846,-1.159147515499998,312.3057619233492
mp-998713,TlInCl3,1.559699999999999,4.011110588225817,-3.509481564,-1.374226712000001,352.35104482949873
mp-557704,TlNO3,2.8695,6.002281110434478,-6.093866193333333,-0.983139618000001,663.2698541743425
mp-5915,TlNO3,2.8457,5.932115907138609,-6.098233439,-0.9875068636666692,596.5466891150119
mp-1205652,TlNiCl3,0.5372,5.135113879418603,-3.8872893239999993,-1.147841884666667,238.9284548899522
mp-998761,TlNiF3,3.4347,7.783389718866116,-17.017469668,-2.109648550000003,68.28540381625542
mp-1178989,TlNiO3,0.0965,9.238944403214674,-5.5623652445000005,-0.9632668821666672,223.64114407224048
mp-27144,TlPO3,3.6726,5.89335611416675,-6.783894437499998,-2.257728706095238,638.7158327617263
mp-556932,TlPO3,3.725,5.55550921758248,-6.771446867750001,-2.24528113634524,2032.6740776389731
mp-8249,TlPS3,1.7362000000000002,4.313946314477194,-4.665118756000001,-0.6252910000952391,255.24432221846365
mp-676598,TlPbCl3,2.6014,5.966137203314032,-3.76610718525,-1.440157667916668,1153.259999340162
mp-27552,TlPbI3,2.1427,6.040287862083844,-3.019440088,-0.8882086816666671,435.6215032572197
mp-1179620,TlSbO3,2.006799999999999,4.774480946960252,-5.222655056,-0.953783781666668,260.24884551350834
mp-30058,TlSbO3,2.4362,6.962178239709538,-5.980807672999996,-1.711936398666663,178.47189652307534
mp-557787,TlSbO3,2.436499999999999,6.857226771669321,-5.981538721999996,-1.712667447666664,362.4069017248385
mp-561465,TlSbO3,2.1502,6.051326127328891,-5.8467713965,-1.577900122166668,410.6713564027069
mp-676130,TlSnF3,2.8207,6.363346285464172,-19.6767424935,-2.216028051500001,793.48417092851
mp-1205533,TlSnI3,1.8624,5.698343985692575,-2.996075997000003,-0.8054596336666701,410.1888338873855
mp-1206817,TlVCl3,0.2734,4.70323154496746,-4.865086013999999,-1.464884696666667,255.39464681426665
mp-22330,TlVO3,2.9763,6.069729515437828,-7.2685180305,-2.008665790166668,331.92892040229884
mp-998745,TlZnF3,3.9179,7.765297257904709,-16.621639372,-2.328041165000002,69.88057354988399
mp-16392,Tm4Mo4O11,0.415,8.504087725965816,-8.839629539736842,-2.748041254736844,964.9852522846644
mp-1101265,TmAlO3,3.5534,6.9334499102895535,-8.33311484,-3.718722775000002,116.83322033894945
mp-756281,TmAlO3,6.078899999999999,8.188437955149604,-8.390336423499999,-3.775944358500001,197.8539217161666
mp-17620,TmBO3,2.3645,7.001389952448992,-8.401931864,-3.200776610833335,324.08721585354914
mp-760484,TmBO3,4.5062,6.5003624938412585,-8.69007493,-3.4889196768333357,116.35561242130828
mp-754323,TmBiO3,3.1128,9.10093457425762,-7.479163479999999,-2.835879719000002,155.422468802458
mp-755216,TmBiO3,2.441799999999999,9.174080653033888,-7.455337050999999,-2.812053290000001,154.18326625164255
mp-1216578,TmBiTe3,1.1145,7.108305291875725,-34.90564982074999,-0.9306508277499972,177.70710128082487
mp-561954,TmCoO3,1.188599999999999,8.48988507631344,-7.929291277999999,-2.637331035000001,215.82653245179552
mp-1187577,TmCrO3,1.9288999999999992,7.925818869102425,-8.644344738000001,-2.848458345000002,56.34323775911637
mp-777295,TmCrO3,2.6809000000000003,8.385646496521579,-9.043294906499998,-3.2474085135,213.01460640525085
mp-20651,TmFeO3,1.6368,7.980858847597483,-8.433557634,-2.874276493000002,227.02195562690423
mp-1101269,TmGaO3,2.4668,7.691538030930057,-7.652406986,-3.181510882500001,123.77303604118885
mp-754578,TmGaO3,3.9298,8.581392196401769,-7.6298202355,-3.158924132000001,221.8765888158945
mp-768469,TmGaO3,2.9311,8.018214693689663,-7.674284366666668,-3.20338826316667,356.19089171946547
mp-1101263,TmInO3,2.525899999999999,8.411016415747941,-7.372834516,-2.955722868333334,261.98237593932004
mp-1232191,TmMgS3,0.2669,3.780452325442813,-5.2532537855,-1.5482208590000002,508.5283680800948
mp-554270,TmMnO3,2.007599999999999,7.907812370132415,-8.7547630775,-3.057083120086209,228.3572196462005
mp-1207705,TmRhO3,0.9564999999999992,9.585742424353931,-7.946072353000001,-2.607933880000002,221.62220557287324
mp-1187557,TmScO3,2.571599999999999,6.786384872381213,-8.53251846,-3.400747740000001,64.08062583322518
mp-1207696,TmScO3,4.4168,7.090336352390517,-9.1118436155,-3.980072895500001,245.33436393081757
mp-768396,TmSeO3,1.819,6.372803748313382,-7.107140160999999,-2.542680966468751,616.7971595804588
mp-1101279,TmTlO3,0.7359999999999991,9.829333097205172,-6.8463349855,-2.50676366316667,284.70342348098484
mp-1187714,UPdO3,0.6282000000000001,8.731912281353836,-8.711690712,-2.4486557449999973,74.63127625787703
mp-865322,UTlO3,0.2736,10.063990194018816,-8.64013012600006,-2.9387770976667262,80.91677642495134
mp-1100992,V12Cu10O33,0.4843,3.931533308609584,-7.464879459272728,-1.76884941009091,749.5859459294775
mp-863399,V18Cu20O57,0.0969,4.900563650525564,-7.33546733863158,-1.782538707631579,1050.367637562677
mp-1179229,V3(HO2)4,1.459099999999999,1.692685352288931,-6.934677662,-1.573606195000001,279.44176209029297
mp-1179276,V3(HO2)4,1.2137,1.7983480159011171,-6.89277923,-1.531707763,263.0230485566124
mp-625870,V3(HO2)4,0.816199999999999,2.460945504057494,-7.145345096666667,-1.784273629666667,192.20538477108693
mp-1217808,V30Cu34O95,0.0463,4.913451220057445,-7.320315298993711,-1.7734819382704412,1760.338262629533
mp-1101243,V3Si3O10,0.457499999999999,3.37238657558545,-8.6143312596875,-2.8013761128125,391.0337887380124
mp-1101199,V4(OF3)3,0.791,3.589251917019002,-7.2101503665625,-2.9348891996875,195.58187119501235
mp-1101222,V4(OF3)3,1.641,3.570330960620564,-7.206646917812501,-2.931385750937501,196.618356635164
mp-1389506,V4(OF3)3,0.881799999999999,3.271209678037773,-5.6195001850000015,-1.344239018125001,214.5972515408887
mp-1408860,V4(OF3)3,0.2559,3.277964861174035,-5.6268408475000005,-1.351579680625001,214.1550125920008
mp-754899,V4(OF3)3,1.5231,3.540918173874489,-7.214867093437501,-2.939605926562501,198.2515753400588
mp-755079,V4(OF3)3,1.823999999999999,3.569955952817282,-7.2035847021875,-2.928323535312501,196.6390105084837
mp-755229,V4(OF3)3,1.7218,3.519783784779609,-7.2294749028125,-2.9542137359375,199.4419683267041
mp-759085,V4(OF3)3,1.3815,3.537711255685805,-7.229162115000001,-2.953900948125001,396.8625788736263
mp-759200,V4(OF3)3,1.6881,3.526915759285618,-7.228541594687501,-2.9532804278125013,199.03866551750332
mp-759542,V4(OF3)3,0.5709000000000001,3.358560925844322,-7.19635481375,-2.921093646875,209.0158915144244
mp-764879,V4(OF3)3,1.4633,3.555898168989055,-7.230143355312501,-2.954882188437501,394.8327948437504
mp-774383,V4(OF3)3,1.5034,3.537240475425829,-7.2212592084375,-2.9459980415625,396.9153983156051
mp-774388,V4(OF3)3,1.317999999999999,3.54172710422036,-7.229867791875,-2.9546066250000003,396.4125893744663
mp-775103,V4(OF3)3,1.4284,3.547124985181377,-7.23058570875,-2.955324541875001,395.8093436535426
mp-777342,V4(OF3)3,1.365999999999999,3.569302699731711,-7.228400501562501,-2.953139334687501,393.34999868384784
mp-777880,V4(OF3)3,1.4149,3.290427875342265,-7.22546725875,-2.950206091875,426.6877334594921
mp-778865,V4(OF3)3,1.3205,3.551664436474614,-7.229418123437501,-2.954156956562501,395.3034520443943
mp-779309,V4(OF3)3,1.2384,3.559790274761742,-7.229428898750001,-2.954167731875001,394.4011034008717
mp-849409,V4(OF3)3,1.2397,3.3072171664190773,-7.2242453165625,-2.948984149687501,424.5216269731396
mp-850332,V4(OF3)3,0.7861,3.559718577519185,-7.229878807812501,-2.954617640937501,197.2045235694136
mp-861804,V4(OF3)3,0.033899999999999,3.271209678037773,-2.44481984875,1.8304413181249992,214.5972515408887
mp-766894,V4Si4O13,0.658799999999999,3.512217556782465,-8.644524544761904,-2.817839332142857,495.5779890298954
mp-1100926,VAgO3,1.7207,4.506266912812578,-7.0310032655,-1.676857912833333,609.6622395004396
mp-1178815,VAgO3,1.9488,4.775744055243703,-7.0974000565,-1.743254703833332,287.6306546239166
mp-559736,VAgO3,1.628299999999999,5.51826198310841,-7.1091017825,-1.754956429833332,248.9280851708048
mp-624691,VAgO3,1.918899999999999,4.679945601066319,-7.0859557935,-1.731810440833332,293.51845214034967
mp-18946,VBO3,1.874699999999999,4.063605840500683,-8.848075437,-2.726639265833333,89.69635938619571
mp-756282,VBiO3,1.297099999999999,8.56291406739171,-7.641337985,-2.077773306,238.85016311841895
mp-22649,VCdO3,0.429899999999999,6.420601457724622,-6.9790683805,-2.0015085255,218.64374944563585
mp-22938,VCl3O,2.8945,2.144255204751787,-5.536248269,-1.6207491740000002,536.8227691370997
mp-1206118,VCoO3,0.1143,5.000794880552624,-8.212322635,-2.000081474,104.84497603539772
mp-1277045,VCoO3,1.151399999999999,5.087313726796352,-8.135140590999999,-1.92289943,103.06190016310504
mp-1101715,VCrO3,1.612299999999999,5.038628711251776,-9.157033004499995,-2.440865693499996,198.97063809352017
mp-1216392,VCrO3,1.613299999999999,5.027905257482025,-9.159223561999998,-2.443056250999997,99.6975000973038
mp-1374293,VCrO3,0.258499999999999,4.7523802109818245,-7.801229787999999,-1.085062476999998,210.9551688388535
mp-753988,VCrO3,1.315,5.037750813353188,-9.155518005999998,-2.439350694999997,199.0053114847884
mp-754036,VCrO3,1.3624,5.044746263421216,-9.155962026999998,-2.439794715999997,198.72935474740825
mp-755281,VCrO3,0.029799999999999,5.03846170580696,-9.1544262135,-2.438258902499998,198.97723319771276
mp-757023,VCrO3,1.345499999999999,5.035799752680351,-9.1534814305,-2.437314119499999,199.08241372395443
mp-770778,VCrO3,1.3901,5.035548351236363,-9.153762243,-2.437594931999997,199.09235298037532
mp-770779,VCrO3,1.680699999999999,5.03776469552615,-9.1573535985,-2.441186287499998,199.00476310146337
mp-770849,VCrO3,1.4095,5.038483540473991,-9.155606201,-2.439438889999998,198.97637091413105
mp-770855,VCrO3,1.4293,5.039180100435685,-9.15518871,-2.439021399,198.94886664348783
mp-2371810,VCuO3,0.9255,3.330232839797754,-7.401737221999999,-1.796338071,81.01951592977308
mp-504580,VCuO3,0.658999999999999,5.242412013754299,-7.401524406,-1.7961252550000002,102.93500469095072
mp-562987,VCuO3,0.8024,3.370874003857391,-7.389398718000001,-1.783999567000001,80.04269880900075
mp-755580,VGaO3,1.605299999999999,5.389298103486119,-7.700893132500001,-2.309716111000001,207.8719692622452
mp-755199,VGeO3,0.014299999999999,4.763920504405174,-7.869839513500001,-2.159676125500001,239.22716142895217
mp-1178874,VHO3,2.071399999999999,2.912898127176999,-7.428777367666667,-1.964186262916666,341.85945458103134
mp-1178894,VHO3,0.009399999999999,2.53235687666212,-7.386914307500001,-1.9223232027500008,262.1541416440997
mp-625246,VHO3,2.1444,2.776501606796738,-7.402357497333333,-1.937766392583333,358.6534085084494
mp-625258,VHO3,2.1433,2.970626307385457,-7.426041035333333,-1.961449930583333,335.2160998948648
mp-625407,VHO3,2.1077,2.743890284113196,-7.402155867999999,-1.937564763249999,362.9160286664567
mp-627119,VHO3,0.6363,2.545223543173255,-7.381677612,-1.9170865072499992,260.8288946244048
mp-627684,VHO3,0.322199999999999,2.348622948026337,-7.153336496,-1.68874539125,282.6625891123868
mp-29188,VHgO3,2.175599999999999,6.750589982871576,-6.635623628000002,-1.788131403500003,147.3591996311414
mp-1189578,VNO3,0.1755,1.88177340749285,-6.7828941065,-0.329680740499999,398.6705495678396
mp-1273627,VNiO3,0.0372,5.102324182173681,-7.859973411,-1.918388258,102.60262241030392
mp-2903341,VOF3,4.1483,2.641432431498043,-6.61881058,-2.66412574,311.6502232639021
mp-556026,VOF3,3.6563,3.129597024750794,-6.6673375635,-2.712652723499999,263.0380207108062
mp-752787,VOF3,3.469999999999999,2.714475002626318,-6.6462010015000015,-2.6915161615,303.26416939423234
mp-752824,VOF3,3.2589,2.461176895082745,-6.638061385999999,-2.683376545999999,334.47535147009444
mp-753030,VOF3,3.3804,2.657934435170588,-6.646938645500001,-2.6922538055,309.7153173231089
mp-753525,VOF3,3.2329,3.110583853355106,-6.642386050000001,-2.68770121,264.6458175769678
mp-754919,VOF3,3.033,2.905759358991169,-6.645721616,-2.691036776,141.65023756452416
mp-756077,VOF3,2.876,2.879183689676638,-6.6409554995,-2.6862706595,285.9154176110699
mp-759725,VOF3,3.0935,2.943647830337035,-6.6195179115,-2.6648330715,279.6540396337506
mp-759983,VOF3,3.495,2.301579850181379,-6.622325324500001,-2.6676404845,357.6686713467723
mp-760178,VOF3,2.8891,3.077440679509625,-6.616277464000001,-2.661592624,267.495978880753
mp-760313,VOF3,2.2205,2.916228130916661,-6.571712243999999,-2.617027403999999,141.1417368698996
mp-760338,VOF3,2.2258,2.81131258460573,-6.571033314999999,-2.616348474999999,292.8180279633779
mp-760367,VOF3,2.6463,2.983345170531265,-6.613691194,-2.659006354,137.96643699567014
mp-761122,VOF3,3.8907,2.019385636249227,-6.642384792,-2.687699952,407.6502240264916
mp-761177,VOF3,3.0386,2.961515560144203,-6.6092626005,-2.654577760499999,277.9668012187629
mp-764274,VOF3,3.4202,3.228627644699634,-6.6610325025,-2.706347662499999,254.9699431473032
mp-775981,VOF3,1.8771,3.032605833195741,-6.6042611815,-2.6495763415,271.45071014566736
mp-776441,VOF3,1.8397,3.013749813134977,-6.604577831999999,-2.649892991999999,273.14908604060963
mp-776473,VOF3,2.9487,2.8485465831458283,-6.641668579,-2.686983739,288.990537098313
mp-776474,VOF3,3.055199999999999,2.751163533147091,-6.644426971,-2.689742131,299.2199471585771
mp-781081,VOF3,3.1125,2.829449036398578,-6.644945375000001,-2.690260535,145.47054858084292
mp-850876,VOF3,2.9248000000000003,2.845313649515691,-6.6371964195,-2.6825115795,289.3188971110432
mp-1078971,VPS3,0.1223,2.915747722244791,-6.160961794,-0.7786472474285691,202.8701221007288
mp-20032,VPbO3,1.3715,6.981900647635635,-7.642703820000001,-2.114616589,145.6213593813756
mp-1247461,VWN3,0.0583,6.234727326229744,-19.028143616625,-0.459419191874999,294.8901188115564
mp-1378086,VZnO3,0.8621000000000001,5.380214103185048,-7.1620193815,-2.124512842500001,202.89708302378835
mp-28573,WI3O,0.8858,5.096347798094554,-5.3055564485,-0.8099306324999991,756.6442946376959
mp-1188654,WNCl3,1.8151,3.813683736182408,-16.648670619,-0.8578982702500011,529.8241638023845
mp-753398,WOF3,2.4411,6.750600088596528,-7.340028386,-2.610498713999999,252.7087354003972
mp-1369676,YAgO3,0.000999999999999,5.936794741524685,-6.992948920333334,-2.153766481666667,410.7811382141837
mp-1369873,YAgO3,0.0072,6.185094103225859,-6.923842615,-2.084660176333332,262.8602745640324
mp-3792,YAlO3,5.5402000000000005,5.36466564646124,-8.7319481845,-3.7122381155,202.91174903140487
mp-756214,YAlO3,4.9586000000000015,5.229987875920269,-8.704976542999999,-3.685266473999999,104.06847158327304
mp-756705,YAlO3,4.3247,4.11122305652517,-8.690346495666667,-3.670636426666668,397.1641799747765
mp-7964,YAlO3,3.4964999999999997,4.496849927381268,-8.648558362,-3.628848293,121.03513647008224
mp-1100874,YBO3,4.7952,3.951592046989222,-9.092416329,-3.485943071833333,248.2914312338085
mp-1100876,YBO3,4.4,3.984978548406962,-9.052236671,-3.445763413833333,123.1056118722788
mp-1216067,YBO3,4.2311,3.917263092815851,-9.078990353,-3.472517095833333,125.23366719974508
mp-29205,YBO3,5.1696,4.500537512836404,-9.128732909666669,-3.5222596525,327.0097545684276
mp-760457,YBO3,4.5981000000000005,4.046782608745556,-9.043673593,-3.437200335833333,121.2254944061883
mp-1358047,YBiO3,2.065,6.954157063833391,-7.726286742,-2.677684977000001,495.5493266680825
mp-1369528,YBiO3,1.6856,7.321032158828411,-7.680666606,-2.632064841,313.81074651439235
mp-1406000,YBiO3,2.295,6.819974598344834,-7.691130482,-2.642528717,168.4330736052438
mp-754152,YBiO3,2.476099999999999,7.18768945681628,-7.798726501,-2.750124736000001,159.81620942451218
mp-768221,YBiO3,3.0748,7.174372126701876,-7.81337911,-2.764777345,160.11286607696232
mp-1215930,YBiTe3,1.024699999999999,6.376598920494423,-5.017752136,-1.051943438,177.25846086848023
mp-1273178,YCoO3,0.348999999999999,5.731863777604832,-8.277534488499999,-2.5802562415,226.93867728566613
mp-1288734,YCoO3,0.1141,5.772017766670035,-8.273725645499999,-2.576447398499999,225.35994112535496
mp-1330514,YCoO3,0.007299999999999,5.185728067900504,-8.266468037666668,-2.569189790666668,376.25813589890873
mp-1435972,YCoO3,0.8330000000000001,5.993226885848512,-8.058154953999999,-2.360876707,54.26048474581901
mp-1336975,YCrO3,1.3989,4.882697318692063,-9.234290786333334,-3.033086389333334,385.4542581135768
mp-18725,YCrO3,2.4831,5.719311184536888,-9.3922170475,-3.191012650500001,219.3803195109757
mp-18770,YCrO3,1.7679,5.480083491421764,-9.088909482000002,-2.887705085000001,57.23928827956947
mp-1333124,YCuO3,0.005599999999999,5.470081203446913,-7.509970871000002,-2.419534634000001,365.1007652871897
mp-755109,YErO3,4.544399999999999,7.141933728330594,-9.09208816,-3.907949494999999,282.8783611573885
mp-1376289,YFeO3,1.2742,5.099700507977772,-8.781297638666668,-2.816698493666668,376.5719109281056
mp-1416093,YFeO3,0.6372999999999991,5.465937800635578,-8.454524802,-2.489925657,58.55670870199426
mp-20783,YFeO3,1.5605,5.651009028381979,-8.7832628685,-2.818663723499999,226.55587769724715
mp-17853,YGaO3,2.9043,5.386016237384248,-8.002057152333334,-3.125843044833334,382.2256825292596
mp-768889,YHoO3,3.0775,6.589520282530561,-9.091635003333332,-3.901504207333332,456.3680585577812
mp-504607,YInO3,2.051699999999999,5.956810290032705,-7.791829652000001,-2.969400000333334,421.0249555696462
mp-1101170,YLuO3,4.7426,7.634373219099428,-9.13767567,-3.962743276333333,271.3380901897545
mp-754226,YLuO3,3.3403,6.975196624306344,-9.140512512,-3.965580118333333,148.49016885400343
mp-1237973,YMgS3,0.1962,2.656565938697763,-5.654397912,-1.544046981499999,261.7865339868308
mp-19227,YMnO3,0.0367,5.094893988485083,-9.110961161666667,-3.007963200252874,125.05119599578148
mp-20699,YMnO3,0.405199999999999,5.409312604726616,-9.1073859565,-3.004387995086206,235.56508314016247
mp-989604,YMoN3,1.9089,5.043707675332528,-9.5667560595,-1.0928410905,298.7641608959705
mp-1379411,YMoO3,2.2163,6.290530791174836,-9.328163984,-2.8884390590000013,245.85946991487663
mp-1346989,YNiO3,0.006499999999999,5.185134837052863,-7.821909746666666,-2.395287507666666,375.8404175698725
mp-1207629,YRhO3,9.999999999976698e-05,6.981031070639306,-8.290526322,-2.547069844999999,228.16866006717177
mp-1340878,YSbO3,0.7162000000000001,5.788210895138803,-7.689127059,-2.592731908,296.8252317901596
mp-1347073,YSbO3,1.4667,5.526587137150414,-7.762523985666666,-2.666128834666667,466.3150144826377
mp-1389035,YSbO3,1.4299,5.412847293303265,-7.745969549,-2.649574398,158.70455487683046
mp-1215924,YSbTe3,0.8608000000000001,5.762561331501115,-5.007397758000001,-0.9937956739999992,171.01305685561616
mp-755165,YScO3,4.4324,4.794330594656989,-9.469694941,-3.932606217,251.95223031798207
mp-768479,YScO3,3.2044,4.346959576160271,-9.467514688,-3.930425964,138.94105351591026
mp-769007,YScO3,3.1392,4.50088173355385,-9.478454808666667,-3.941366084666667,402.5685491357447
mp-7792,YScS3,1.7758,3.582017480182794,-13.438173158999998,-2.275333159687498,426.5956187539359
mp-769404,YSeO3,1.836899999999999,4.616952551232608,-7.469001201999998,-2.499224003468748,621.1035251012897
mp-1343054,YSnO3,1.9502,5.877643125660857,-7.845878460500001,-2.7733691865,288.862121719322
mp-753995,YTmO3,4.582000000000001,7.290992145660633,-9.1004170215,-3.933321822500001,278.62127367824564
mp-766256,YTmO3,4.1556,7.030105830500208,-9.18579231675,-4.018697117750002,577.9217459824529
mp-768353,YTmO3,3.1706,6.7984717145311215,-9.112848489666666,-3.945753290666667,448.20930423084536
mp-1375509,YVO3,1.1014,4.744282080030756,-9.272332514333334,-3.184956397333335,394.4852380193316
mp-989407,YWN3,1.515099999999999,7.879840413344933,-20.99654295400001,-1.183013483250007,132.66287878756367
mp-989576,YWN3,1.5404,8.355694619600069,-20.989185378000005,-1.175655907250006,125.10776915767164
mp-989609,YWN3,1.1259,7.503255653673589,-21.01268110300001,-1.199151632250007,139.32116428808015
mp-989615,YWN3,2.2798,6.88886497570351,-21.0351251365,-1.2215956657500011,303.4933381065926
mp-989617,YWN3,1.412799999999999,6.900149604377458,-21.010788535000007,-1.197259064250008,151.49849982350327
mp-989645,YWN3,1.406699999999999,6.664109199482082,-21.015337968,-1.201808497250002,156.86452342380093
mp-1369924,YWO3,2.2586999999999997,8.113996116039354,-9.5931023435,-2.7308813945,262.56262280021065
mp-1215965,YZrO3,0.5552,5.26060063442764,-9.58336423725,-3.6032292082499993,576.0795248103736
mp-766243,YZrO3,0.427,5.304086945191579,-9.6254433785,-3.6453083495,571.3564549400056
mp-2760250,YbBO3,4.9925,6.66224073660656,-15.749007208,-3.390340420750001,115.5751253612175
mp-3216857,YbBO3,5.148199999999999,6.877028366924217,-15.710043367,-3.351376579750001,111.96541111030702
mp-1079021,YbCeS3,0.0973,5.8652043023614855,-20.684989614,-2.3905657686875,231.7884569436376
mp-865758,YbGeO3,1.015699999999999,8.702879523146335,-15.733610332,-2.069818868250002,56.034801218581485
mp-1205559,YbInBr3,2.9688,5.362327875966778,-21.188614514,-1.411692823499998,326.7426444744273
mp-1187516,YbSiO3,4.068899999999999,8.636992814705966,-15.201493694000002,-2.5573448272500032,47.896258007946656
mp-1187515,YbSnO3,1.7074999999999991,8.367230580967137,-17.663244168,-1.82461146425,67.42555418400103
mp-753164,YbTiO3,3.5867,7.436004073945224,-16.988367521,-3.511420170583335,120.09880182192474
mp-865218,YbTiO3,1.897499999999999,7.891218652435582,-16.616980538,-3.140033187583336,56.585377934505445
mp-1206321,YbTlBr3,3.6903,6.329523310610669,-27.387473028,-1.490408497499999,323.8086739675948
mp-1100823,Zn3Mo3O8,0.127799999999999,5.877271421358554,-7.221358280714286,-1.799939052142857,345.8475576997886
mp-1100825,Zn3Mo3O8,1.180499999999999,5.843101812264406,-7.22985557857143,-1.808436350000001,173.93501194427262
mp-531343,Zn3Mo3O8,0.4096,6.3573146879105344,-7.000455975,-1.5790367464285722,639.4649523582704
mp-1204031,Zn3Se3O10,0.347,4.015897168504787,-5.2543153753125,-1.270154418251953,490.4843623305304
mp-14099,ZnAgF3,1.5852,5.658775990415144,-9.861295724000003,-1.932383004000004,67.57226876423228
mp-998537,ZnAgF3,1.3463,5.559655034433154,-9.903888742,-1.974976021999999,137.55397762368642
mp-1378105,ZnBiO3,0.880799999999999,8.051848164377654,-5.510322412,-1.511590225,265.9450071380185
mp-9812,ZnCO3,3.5639000000000003,4.456983341587755,-6.888936604000003,-1.822014750000003,93.45393807406116
mp-753026,ZnCoO3,0.213499999999999,5.526971835232615,-5.973560132,-1.326151463,207.1137448730862
mp-1341277,ZnCrO3,0.0242,5.48851766439863,-6.9905993775,-1.8392645584999991,200.16963281443952
mp-1020631,ZnGeO3,1.3848999999999991,6.219859986802644,-6.039638132,-1.894307236,99.33942065803808
mp-8285,ZnGeO3,2.1201,5.97066705202391,-6.111723113,-1.9663922169999992,103.48547026309927
mp-3342,ZnPS3,1.98,2.829460589466883,-8.900621561530604,-0.497663441813341,226.03806418074143
mp-1348382,ZnSbO3,0.3548,6.348342089104972,-5.708569843499999,-1.6620442704999991,246.05121608245983
mp-4682,ZnSeO3,3.444199999999999,5.305333672538702,-5.360195821,-1.440288200468749,240.8393292100707
mp-5338,ZnSeO3,3.9227,4.74416993043778,-5.422337313750001,-1.50242969321875,538.6539781098929
mp-1020623,ZnSiO3,3.5938,5.027982519556377,-6.850865412,-2.545076481,93.45862085830956
mp-1178612,ZnSiO3,3.571799999999999,3.4577114196668,-6.9622586685000005,-2.6564697375,271.8030829899101
mp-562182,ZnSiO3,3.4371,4.003285823759669,-6.95038914,-2.644600209,234.7613099162203
mp-619034,ZnSiO3,3.4593,4.09570354478328,-6.945300627875,-2.639511696874999,917.856103283554
mp-641917,ZnSiO3,3.3367,4.108569777960076,-6.941780636,-2.635991705,457.4908908673707
mp-13334,ZnSnO3,1.080999999999999,6.556764826849906,-5.9620648890000005,-1.939425192999999,117.57007878380284
mp-1337169,ZnSnO3,1.1054,6.67339557696861,-5.9206463105000005,-1.898006614499999,231.03061953050977
mp-14628,ZnSnO3,1.3215,6.456458301074723,-5.948557964,-1.925918267999999,119.3966291288976
mp-1093994,ZnSnS3,0.358799999999999,4.501907707628915,-12.052207587142858,-0.5004279738303591,206.7889340006348
mp-16819,ZnTeO3,3.605899999999999,5.591035434894425,-5.482059908750001,-1.6326734050833331,572.6336391061509
mp-1340971,ZnWO3,1.8923,8.663471528886411,-7.661755929500001,-1.8494045585,227.8950586455768
mp-1100799,Zr3Sc4N8,0.065699999999999,4.904729571160036,-9.409561599333331,-1.564281581333333,191.47164115067363
mp-1188011,ZrBeO3,0.6259,5.895549670305644,-8.293399844,-2.867200542,41.75165948717156
mp-756665,ZrCoO3,1.9991,5.75193460615361,-8.8233933775,-2.7183933045,228.8237243191404
mp-755055,ZrCrO3,1.5603,5.095437039969209,-9.6000272715,-2.9911010485,249.26258918175745
mp-677041,ZrCuF3,0.474099999999999,3.965621410035901,-6.1140878515,-2.4363949665,354.6928636179153
mp-754513,ZrMnO3,2.5635,5.09657261750533,-9.569091926,-3.058372138586206,126.52058400805868
mp-754980,ZrMnO3,2.8707000000000003,5.047528871660136,-9.56466298,-3.053943192586206,127.74990701423611
mp-1068577,ZrPbO3,2.2792,7.715050540923727,-8.214781556,-2.793935413,74.56174053380131
mp-1100803,ZrPbO3,2.6290999999999998,7.52649902407487,-8.260584683000001,-2.83973854,305.71855243585884
mp-20337,ZrPbO3,2.6727,7.533522789829773,-8.264104421999999,-2.843258278999999,76.35838009464848
mp-542903,ZrPbO3,2.7752,7.747064328868598,-8.271159751,-2.850313608,594.0289866900115
mp-647557,ZrPbO3,3.2094,7.596076936112935,-8.26661826725,-2.84577212425,605.8365142698349
mp-755798,ZrPbO3,2.9213,7.889928130597705,-8.2620602365,-2.841214093499999,291.6364190475536
mp-20244,ZrPbS3,1.247099999999999,5.343373851309391,-6.354341739,-1.419833571499998,490.536716432109
mp-17324,ZrSnS3,0.9944,4.08351704818253,-6.391487313000001,-1.397594188499999,497.9424921421011
